Type,Case-1_Image,Case-1_Mask,Case-1_diagnostics_Versions_PyRadiomics,Case-1_diagnostics_Versions_Numpy,Case-1_diagnostics_Versions_SimpleITK,Case-1_diagnostics_Versions_PyWavelet,Case-1_diagnostics_Versions_Python,Case-1_diagnostics_Configuration_Settings,Case-1_diagnostics_Configuration_EnabledImageTypes,Case-1_diagnostics_Image-original_Hash,Case-1_diagnostics_Image-original_Spacing,Case-1_diagnostics_Image-original_Size,Case-1_diagnostics_Image-original_Mean,Case-1_diagnostics_Image-original_Minimum,Case-1_diagnostics_Image-original_Maximum,Case-1_diagnostics_Mask-original_Hash,Case-1_diagnostics_Mask-original_Spacing,Case-1_diagnostics_Mask-original_Size,Case-1_diagnostics_Mask-original_BoundingBox,Case-1_diagnostics_Mask-original_VoxelNum,Case-1_diagnostics_Mask-original_VolumeNum,Case-1_diagnostics_Mask-original_CenterOfMassIndex,Case-1_diagnostics_Mask-original_CenterOfMass,Case-1_original_shape_VoxelVolume,Case-1_original_shape_Maximum3DDiameter,Case-1_original_shape_MeshVolume,Case-1_original_shape_MajorAxisLength,Case-1_original_shape_Sphericity,Case-1_original_shape_LeastAxisLength,Case-1_original_shape_Elongation,Case-1_original_shape_SurfaceVolumeRatio,Case-1_original_shape_Maximum2DDiameterSlice,Case-1_original_shape_Flatness,Case-1_original_shape_SurfaceArea,Case-1_original_shape_MinorAxisLength,Case-1_original_shape_Maximum2DDiameterColumn,Case-1_original_shape_Maximum2DDiameterRow,Case-1_original_gldm_GrayLevelVariance,Case-1_original_gldm_HighGrayLevelEmphasis,Case-1_original_gldm_DependenceEntropy,Case-1_original_gldm_DependenceNonUniformity,Case-1_original_gldm_GrayLevelNonUniformity,Case-1_original_gldm_SmallDependenceEmphasis,Case-1_original_gldm_SmallDependenceHighGrayLevelEmphasis,Case-1_original_gldm_DependenceNonUniformityNormalized,Case-1_original_gldm_LargeDependenceEmphasis,Case-1_original_gldm_LargeDependenceLowGrayLevelEmphasis,Case-1_original_gldm_DependenceVariance,Case-1_original_gldm_LargeDependenceHighGrayLevelEmphasis,Case-1_original_gldm_SmallDependenceLowGrayLevelEmphasis,Case-1_original_gldm_LowGrayLevelEmphasis,Case-1_original_glcm_JointAverage,Case-1_original_glcm_SumAverage,Case-1_original_glcm_JointEntropy,Case-1_original_glcm_ClusterShade,Case-1_original_glcm_MaximumProbability,Case-1_original_glcm_Idmn,Case-1_original_glcm_JointEnergy,Case-1_original_glcm_Contrast,Case-1_original_glcm_DifferenceEntropy,Case-1_original_glcm_InverseVariance,Case-1_original_glcm_DifferenceVariance,Case-1_original_glcm_Idn,Case-1_original_glcm_Idm,Case-1_original_glcm_Correlation,Case-1_original_glcm_Autocorrelation,Case-1_original_glcm_SumEntropy,Case-1_original_glcm_MCC,Case-1_original_glcm_SumSquares,Case-1_original_glcm_ClusterProminence,Case-1_original_glcm_Imc2,Case-1_original_glcm_Imc1,Case-1_original_glcm_DifferenceAverage,Case-1_original_glcm_Id,Case-1_original_glcm_ClusterTendency,Case-1_original_firstorder_InterquartileRange,Case-1_original_firstorder_Skewness,Case-1_original_firstorder_Uniformity,Case-1_original_firstorder_Median,Case-1_original_firstorder_Energy,Case-1_original_firstorder_RobustMeanAbsoluteDeviation,Case-1_original_firstorder_MeanAbsoluteDeviation,Case-1_original_firstorder_TotalEnergy,Case-1_original_firstorder_Maximum,Case-1_original_firstorder_RootMeanSquared,Case-1_original_firstorder_90Percentile,Case-1_original_firstorder_Minimum,Case-1_original_firstorder_Entropy,Case-1_original_firstorder_Range,Case-1_original_firstorder_Variance,Case-1_original_firstorder_10Percentile,Case-1_original_firstorder_Kurtosis,Case-1_original_firstorder_Mean,Case-1_original_glrlm_ShortRunLowGrayLevelEmphasis,Case-1_original_glrlm_GrayLevelVariance,Case-1_original_glrlm_LowGrayLevelRunEmphasis,Case-1_original_glrlm_GrayLevelNonUniformityNormalized,Case-1_original_glrlm_RunVariance,Case-1_original_glrlm_GrayLevelNonUniformity,Case-1_original_glrlm_LongRunEmphasis,Case-1_original_glrlm_ShortRunHighGrayLevelEmphasis,Case-1_original_glrlm_RunLengthNonUniformity,Case-1_original_glrlm_ShortRunEmphasis,Case-1_original_glrlm_LongRunHighGrayLevelEmphasis,Case-1_original_glrlm_RunPercentage,Case-1_original_glrlm_LongRunLowGrayLevelEmphasis,Case-1_original_glrlm_RunEntropy,Case-1_original_glrlm_HighGrayLevelRunEmphasis,Case-1_original_glrlm_RunLengthNonUniformityNormalized,Case-1_original_glszm_GrayLevelVariance,Case-1_original_glszm_ZoneVariance,Case-1_original_glszm_GrayLevelNonUniformityNormalized,Case-1_original_glszm_SizeZoneNonUniformityNormalized,Case-1_original_glszm_SizeZoneNonUniformity,Case-1_original_glszm_GrayLevelNonUniformity,Case-1_original_glszm_LargeAreaEmphasis,Case-1_original_glszm_SmallAreaHighGrayLevelEmphasis,Case-1_original_glszm_ZonePercentage,Case-1_original_glszm_LargeAreaLowGrayLevelEmphasis,Case-1_original_glszm_LargeAreaHighGrayLevelEmphasis,Case-1_original_glszm_HighGrayLevelZoneEmphasis,Case-1_original_glszm_SmallAreaEmphasis,Case-1_original_glszm_LowGrayLevelZoneEmphasis,Case-1_original_glszm_ZoneEntropy,Case-1_original_glszm_SmallAreaLowGrayLevelEmphasis,Case-1_original_ngtdm_Coarseness,Case-1_original_ngtdm_Complexity,Case-1_original_ngtdm_Strength,Case-1_original_ngtdm_Contrast,Case-1_original_ngtdm_Busyness
0, /home/rajarshi/Desktop/jsrt_scr/img_nrrd/img_jsrt_0_0.nrrd, /home/rajarshi/Desktop/jsrt_scr/msk_nrrd/msk_jsrt_0_0.nrrd, 2.1.2, 1.15.4, 1.1.0, 1.0.0, 2.7.12," {'distances': [1], 'additionalInfo': True, 'force2D': False, 'interpolator': 'sitkBSpline', 'resampledPixelSpacing': None, 'label': 1, 'normalizeScale': 1, 'normalize': False, 'force2Ddimension': 0, 'removeOutliers': None, 'minimumROISize': None, 'minimumROIDimensions': 2, 'preCrop': False, 'resegmentRange': None, 'padDistance': 5}", {'Original': {}}, c798496afc0f8423f3595bec6c8f59dd5c4d98ee," (1.0, 1.0, 1.0)"," (512, 512, 1)",0.006145477294922,0,1, 2c60aa819841d8c17159027986cc029cc0f419b1," (1.0, 1.0, 1.0)"," (512, 512, 1)"," (112, 136, 0, 400, 352, 1)",110472,1," (330.2537475559418, 323.4425736838294, 0.0)"," (330.2537475559418, 323.4425736838294, 0.0)",110472,493.089241416,110041.916667,452.339701252629,0.0500939018967,0,0.709808671434697,2.01455849209,493.089241416,0,221685.877707,321.074642383296,400,319,0,1,0.136106356185641,106925.168531393,110472,0.012600993027826,0.012600993027826,0.967893842162653,80.2929430081831,80.2929430081831,0.142215025497529,80.2929430081831,0.012600993027826,1,1,2,-3.20342650381492E-16,0,1,1,1,0,-3.20342650381492E-16,0,0,1,1,1,1,-3.20342650381492E-16,1,0,0,0,0,0,1,0,0,11.5060764118117,1,0,816,0,0.014663853764717,816,1,0.08594467449265,0,0,0,1,0.007331926882358,0,133.389794394449,0.007386487073648,0.062016709651088,0,1,1,14249.4494267157,653.25,54105.5367734455,0.062016709651088,36.0990370674176,0.062016709651088,54105.5367734455,0.00591326308929,54105.5367734455,5.50178845278434,1,0.06356358357025,0,0,1,1,1,1,12204062784,8.19399258836196E-11,9.05206749221522E-06,12204062784,12204062784,1,8.19399258836196E-11,1,-3.20342650381492E-16,8.19399258836196E-11,1000000,0,0,0,0
0, /home/rajarshi/Desktop/jsrt_scr/img_nrrd/img_jsrt_0_10.nrrd, /home/rajarshi/Desktop/jsrt_scr/msk_nrrd/msk_jsrt_0_10.nrrd, 2.1.2, 1.15.4, 1.1.0, 1.0.0, 2.7.12," {'distances': [1], 'additionalInfo': True, 'force2D': False, 'interpolator': 'sitkBSpline', 'resampledPixelSpacing': None, 'label': 1, 'normalizeScale': 1, 'normalize': False, 'force2Ddimension': 0, 'removeOutliers': None, 'minimumROISize': None, 'minimumROIDimensions': 2, 'preCrop': False, 'resegmentRange': None, 'padDistance': 5}", {'Original': {}}, dc7101bfbd746d5fc88c535a15812f26b01e2d2a," (1.0, 1.0, 1.0)"," (512, 512, 1)",0.000720977783203,0,1, 599e03c491dbf7f621d0093197ee15cf7fc26d98," (1.0, 1.0, 1.0)"," (512, 512, 1)"," (160, 128, 0, 352, 328, 1)",92880,1," (352.20340223944874, 301.34138673557277, 0.0)"," (352.20340223944874, 301.34138673557277, 0.0)",92880,441.145100846,92470.9166667,392.84276203707,0.0530320071111,0,0.79018729277221,2.01655933875,441.145100846,0,186473.090567,310.41935861923,352,303,0,1,0.153567115085277,89488.3804694229,92880,0.012634490943174,0.012634490943174,0.963483855183278,80.1999354005168,80.1999354005168,0.160250385130137,80.1999354005168,0.012634490943174,1,1,2,-3.20342650381492E-16,0,1,1,1,0,-3.20342650381492E-16,0,0,1,1,1,1,-3.20342650381492E-16,1,0,0,0,0,0,1,0,0,215.492459314784,1,0,2,0,4.30653947820384E-05,2,1,0.004640383719914,0,0,0,1,2.15326973910192E-05,0,46438.0000215336,2.15331610680448E-05,0.072272053659388,0,1,1,13294.5594160983,621.25,43265.7977494476,0.072272053659388,35.2157112011738,0.072272053659388,43265.7977494476,0.006688738156761,43265.7977494476,5.39994131150958,1,0.064704512989768,0,0,1,1,1,1,8626694400,1.1591925639559E-10,1.07665805340224E-05,8626694400,8626694400,1,1.1591925639559E-10,1,-3.20342650381492E-16,1.1591925639559E-10,1000000,0,0,0,0
0, /home/rajarshi/Desktop/jsrt_scr/img_nrrd/img_jsrt_0_12.nrrd, /home/rajarshi/Desktop/jsrt_scr/msk_nrrd/msk_jsrt_0_12.nrrd, 2.1.2, 1.15.4, 1.1.0, 1.0.0, 2.7.12," {'distances': [1], 'additionalInfo': True, 'force2D': False, 'interpolator': 'sitkBSpline', 'resampledPixelSpacing': None, 'label': 1, 'normalizeScale': 1, 'normalize': False, 'force2Ddimension': 0, 'removeOutliers': None, 'minimumROISize': None, 'minimumROIDimensions': 2, 'preCrop': False, 'resegmentRange': None, 'padDistance': 5}", {'Original': {}}, 14341d7f7a2c18b6a406413da1ebf0841c7d8b87," (1.0, 1.0, 1.0)"," (512, 512, 1)",0.009056091308594,0,1, f49c5e2fe03627be6c0c4cf6cb182135ba68900f," (1.0, 1.0, 1.0)"," (512, 512, 1)"," (56, 120, 0, 456, 336, 1)",111592,1," (297.4611083231773, 293.5875331564987, 0.0)"," (297.4611083231773, 293.5875331564987, 0.0)",111592,529.74050251,111132,511.127829818553,0.049908002839,0,0.559099796742393,2.01542924729,529.74050251,0,223978.68311,285.771465760933,456,288,0,1,0.14256546954115,107796.048462255,111592,0.012615237948007,0.012615237948007,0.965983658884645,80.2506631299735,80.2506631299735,0.150152149097816,80.2506631299735,0.012615237948007,1,1,2,-3.20342650381492E-16,0,1,1,1,0,-3.20342650381492E-16,0,0,1,1,1,1,-3.20342650381492E-16,1,0,0,0,0,0,1,0,0,9.97877859600189,1,0,1088,0,0.019309488395148,1088,1,0.098741089994243,0,0,0,1,0.009654744197574,0,100.576022268026,0.009749802853251,0.062390870393032,0,1,1,14537.5889271743,699,53457.8397543392,0.062390870393032,36.0416606298154,0.062390870393032,53457.8397543392,0.00626388988458,53457.8397543392,5.51038484875022,1,0.054874033125519,0,0,1,1,1,1,12452774464,8.03033896495052E-11,8.96121585776758E-06,12452774464,12452774464,1,8.03033896495052E-11,1,-3.20342650381492E-16,8.03033896495052E-11,1000000,0,0,0,0
0, /home/rajarshi/Desktop/jsrt_scr/img_nrrd/img_jsrt_0_14.nrrd, /home/rajarshi/Desktop/jsrt_scr/msk_nrrd/msk_jsrt_0_14.nrrd, 2.1.2, 1.15.4, 1.1.0, 1.0.0, 2.7.12," {'distances': [1], 'additionalInfo': True, 'force2D': False, 'interpolator': 'sitkBSpline', 'resampledPixelSpacing': None, 'label': 1, 'normalizeScale': 1, 'normalize': False, 'force2Ddimension': 0, 'removeOutliers': None, 'minimumROISize': None, 'minimumROIDimensions': 2, 'preCrop': False, 'resegmentRange': None, 'padDistance': 5}", {'Original': {}}, 17a600e378f0485dedd5bcadb1a0be24585b590d," (1.0, 1.0, 1.0)"," (512, 512, 1)",0.00360107421875,0,1, 181e2218b7fe5fb2cd5f66f2786ae4dcf44e48d3," (1.0, 1.0, 1.0)"," (512, 512, 1)"," (83, 160, 0, 429, 315, 1)",103304,1," (314.0663285061566, 323.4568264539611, 0.0)"," (314.0663285061566, 323.4568264539611, 0.0)",103304,509.981372209,102849.083333,483.303176023807,0.051187577123,0,0.5835045236886,2.0164435845,509.981372209,0,207389.374259,282.009589522959,429,276,0,1,0.149656898809173,99574.7170487106,103304,0.012634394069735,0.012634394069735,0.963899917222088,80.2012893982808,80.2012893982808,0.160601986895976,80.2012893982808,0.012634394069735,1,1,2,-3.20342650381492E-16,0,1,1,1,0,-3.20342650381492E-16,0,0,1,1,1,1,-3.20342650381492E-16,1,0,0,0,0,0,1,0,0,0,1,0,0,0,0,0,0,0,0,0,0,0,0,0,0,0,0.074203446344124,0,1,1,14629.4258904254,690.25,46510.5010556376,0.074203446344124,42.2039159523112,0.074203446344124,46510.5010556376,0.006681735460389,46510.5010556376,5.34521081493588,1,0.065254569444491,0,0,1,1,1,1,10671716416,9.37056384388841E-11,9.68016727329048E-06,10671716416,10671716416,1,9.37056384388841E-11,1,-3.20342650381492E-16,9.37056384388841E-11,1000000,0,0,0,0
0, /home/rajarshi/Desktop/jsrt_scr/img_nrrd/img_jsrt_0_16.nrrd, /home/rajarshi/Desktop/jsrt_scr/msk_nrrd/msk_jsrt_0_16.nrrd, 2.1.2, 1.15.4, 1.1.0, 1.0.0, 2.7.12," {'distances': [1], 'additionalInfo': True, 'force2D': False, 'interpolator': 'sitkBSpline', 'resampledPixelSpacing': None, 'label': 1, 'normalizeScale': 1, 'normalize': False, 'force2Ddimension': 0, 'removeOutliers': None, 'minimumROISize': None, 'minimumROIDimensions': 2, 'preCrop': False, 'resegmentRange': None, 'padDistance': 5}", {'Original': {}}, 174341f685a240fa43b26b77ae8f5037324c71a4," (1.0, 1.0, 1.0)"," (512, 512, 1)",2.288818359375E-05,0,1, e6b2795ed788d18b6971ea2e04627265b30ed8b4," (1.0, 1.0, 1.0)"," (512, 512, 1)"," (56, 179, 0, 456, 261, 1)",99976,1," (297.33880131231496, 317.8376010242458, 0.0)"," (297.33880131231496, 317.8376010242458, 0.0)",99976,507.05423773,99576.8333333,505.791161354006,0.0517829362282,0,0.512132270751237,2.01485910265,507.05423773,0,200633.289055,259.031975990132,456,240,0,1,0.134329311858803,96735.3722493398,99976,0.012602850531318,0.012602850531318,0.967585943119747,80.2782267744259,80.2782267744259,0.144427006244002,80.2782267744259,0.012602850531318,1,1,2,-3.20342650381492E-16,0,1,1,1,0,-3.20342650381492E-16,0,0,1,1,1,1,-3.20342650381492E-16,1,0,0,0,0,0,1,0,0,223.573254259102,1,0,2,0,4.00088019204148E-05,2,1,0.004472672707932,0,0,0,1,2.00044009602074E-05,0,49986.0000200051,2.00048011522765E-05,0.048193115386731,0,1,1,12094.7718263866,603,56399.3680017717,0.048193115386731,37.7497846264017,0.048193115386731,56399.3680017717,0.006031447547411,56399.3680017717,5.17695377786411,1,0.073171124475063,0,0,1,1,1,1,9995200576,1.00048017285531E-10,1.00024005761383E-05,9995200576,9995200576,1,1.00048017285531E-10,1,-3.20342650381492E-16,1.00048017285531E-10,1000000,0,0,0,0
0, /home/rajarshi/Desktop/jsrt_scr/img_nrrd/img_jsrt_0_18.nrrd, /home/rajarshi/Desktop/jsrt_scr/msk_nrrd/msk_jsrt_0_18.nrrd, 2.1.2, 1.15.4, 1.1.0, 1.0.0, 2.7.12," {'distances': [1], 'additionalInfo': True, 'force2D': False, 'interpolator': 'sitkBSpline', 'resampledPixelSpacing': None, 'label': 1, 'normalizeScale': 1, 'normalize': False, 'force2Ddimension': 0, 'removeOutliers': None, 'minimumROISize': None, 'minimumROIDimensions': 2, 'preCrop': False, 'resegmentRange': None, 'padDistance': 5}", {'Original': {}}, 6add3025962c5e2a28c4fb337719f9661022ded1," (1.0, 1.0, 1.0)"," (512, 512, 1)",0.005496978759766,0,1, 85f4797d12300543f6a6e2fb0bbea3402a3b54d1," (1.0, 1.0, 1.0)"," (512, 512, 1)"," (85, 216, 0, 427, 296, 1)",101680,1," (314.3070023603462, 367.94429583005507, 0.0)"," (314.3070023603462, 367.94429583005507, 0.0)",101680,490.698481758,101300.666667,464.024627012108,0.0515119490415,0,0.609282049351988,2.01390373585,490.698481758,0,204009.791044,282.721875695729,427,290,0,1,0.129705092024755,98565.8110936271,101680,0.012589698234686,0.012589698234686,0.969372650409393,80.3229543666405,80.3229543666405,0.13628395860635,80.3229543666405,0.012589698234686,1,1,2,-3.20342650381492E-16,0,1,1,1,0,-3.20342650381492E-16,0,0,1,1,1,1,-3.20342650381492E-16,1,0,0,0,0,0,1,0,0,13.6640693760117,1,0,536,0,0.010487303466979,536,1,0.072604681744171,0,0,0,1,0.005243651733489,0,187.706791912462,0.005271439811172,0.045990245927941,0,1,1,10278.4067010885,575.75,55808.8197195428,0.045990245927941,18.6482423928516,0.045990245927941,55808.8197195428,0.005662372147915,55808.8197195428,5.68733155743954,1,0.034950002504893,0,0,1,1,1,1,10338822400,9.67228143893835E-11,9.83477576711251E-06,10338822400,10338822400,1,9.67228143893835E-11,1,-3.20342650381492E-16,9.67228143893835E-11,1000000,0,0,0,0
0, /home/rajarshi/Desktop/jsrt_scr/img_nrrd/img_jsrt_0_20.nrrd, /home/rajarshi/Desktop/jsrt_scr/msk_nrrd/msk_jsrt_0_20.nrrd, 2.1.2, 1.15.4, 1.1.0, 1.0.0, 2.7.12," {'distances': [1], 'additionalInfo': True, 'force2D': False, 'interpolator': 'sitkBSpline', 'resampledPixelSpacing': None, 'label': 1, 'normalizeScale': 1, 'normalize': False, 'force2Ddimension': 0, 'removeOutliers': None, 'minimumROISize': None, 'minimumROIDimensions': 2, 'preCrop': False, 'resegmentRange': None, 'padDistance': 5}", {'Original': {}}, e0027f955077b0ff1b7d7c23f417a000e8a2daab," (1.0, 1.0, 1.0)"," (512, 512, 1)",0.000606536865234,0,1, 7664918d4e6858f33f33c60929d92dd085ecc806," (1.0, 1.0, 1.0)"," (512, 512, 1)"," (91, 152, 0, 421, 296, 1)",103808,1," (320.13366985203453, 303.771848027127, 0.0)"," (320.13366985203453, 303.771848027127, 0.0)",103808,481.133037735,103395.083333,456.302392169918,0.051138593249,0,0.653224704235917,2.01481597185,481.133037735,0,208322.065311,298.067995167336,421,285,0,1,0.135477410870855,100440.523177404,103808,0.012603550332866,0.012603550332866,0.967560526909337,80.2800747533909,80.2800747533909,0.144395069760179,80.2800747533909,0.012603550332866,1,1,2,-3.20342650381492E-16,0,1,1,1,0,-3.20342650381492E-16,0,0,1,1,1,1,-3.20342650381492E-16,1,0,0,0,0,0,1,0,0,0,1,0,0,0,0,0,0,0,0,0,0,0,0,0,0,0,0.059126060143742,0,1,1,13150.6435090356,624.75,53937.621166444,0.059126060143742,36.3424561028085,0.059126060143742,53937.621166444,0.0060183222873,53937.621166444,5.43161251952829,1,0.066257013163564,0,0,1,1,1,1,10776100864,9.27979435809409E-11,9.63316892725031E-06,10776100864,10776100864,1,9.27979435809409E-11,1,-3.20342650381492E-16,9.27979435809409E-11,1000000,0,0,0,0
0, /home/rajarshi/Desktop/jsrt_scr/img_nrrd/img_jsrt_0_22.nrrd, /home/rajarshi/Desktop/jsrt_scr/msk_nrrd/msk_jsrt_0_22.nrrd, 2.1.2, 1.15.4, 1.1.0, 1.0.0, 2.7.12," {'distances': [1], 'additionalInfo': True, 'force2D': False, 'interpolator': 'sitkBSpline', 'resampledPixelSpacing': None, 'label': 1, 'normalizeScale': 1, 'normalize': False, 'force2Ddimension': 0, 'removeOutliers': None, 'minimumROISize': None, 'minimumROIDimensions': 2, 'preCrop': False, 'resegmentRange': None, 'padDistance': 5}", {'Original': {}}, 8184ec3e391656f6457a3cf746c6c44281942ffd," (1.0, 1.0, 1.0)"," (512, 512, 1)",7.62939453125E-05,0,1, d4952cd69313d23decbf933d77ddc2e68ab94825," (1.0, 1.0, 1.0)"," (512, 512, 1)"," (72, 147, 0, 440, 354, 1)",124608,1," (316.3016820749872, 334.96180020544426, 0.0)"," (316.3016820749872, 334.96180020544426, 0.0)",124608,513.688621638,124140.25,479.584776767607,0.0481341979772,0,0.709876175338624,2.01400021557,513.688621638,0,250018.490261,340.445807082417,440,336,0,1,0.131224422958548,120771.197403056,124608,0.012591382133706,0.012591382133706,0.969209018707113,80.3201239085773,80.3201239085773,0.137101949402077,80.3201239085773,0.012591382133706,1,1,2,-3.20342650381492E-16,0,1,1,1,0,-3.20342650381492E-16,0,0,1,1,1,1,-3.20342650381492E-16,1,0,0,0,0,0,1,0,0,101.887192994563,1,0,12,0,0.000192585458012,12,1,0.009813358399736,0,0,0,1,9.62927290058665E-05,0,10382.0000963113,9.63020030816641E-05,0.0673946140076,0,1,1,15926.1027257746,708.75,61591.4044327579,0.0673946140076,37.1964291610882,0.0673946140076,61591.4044327579,0.005687837057011,61591.4044327579,5.61509106897837,1,0.056043894621194,0,0,1,1,1,1,15527153664,6.44033041495892E-11,8.02516692347201E-06,15527153664,15527153664,1,6.44033041495892E-11,1,-3.20342650381492E-16,6.44033041495892E-11,1000000,0,0,0,0
0, /home/rajarshi/Desktop/jsrt_scr/img_nrrd/img_jsrt_0_24.nrrd, /home/rajarshi/Desktop/jsrt_scr/msk_nrrd/msk_jsrt_0_24.nrrd, 2.1.2, 1.15.4, 1.1.0, 1.0.0, 2.7.12," {'distances': [1], 'additionalInfo': True, 'force2D': False, 'interpolator': 'sitkBSpline', 'resampledPixelSpacing': None, 'label': 1, 'normalizeScale': 1, 'normalize': False, 'force2Ddimension': 0, 'removeOutliers': None, 'minimumROISize': None, 'minimumROIDimensions': 2, 'preCrop': False, 'resegmentRange': None, 'padDistance': 5}", {'Original': {}}, 26ba73502ca9a9a55643da20050be10d1c949d59," (1.0, 1.0, 1.0)"," (512, 512, 1)",0.008087158203125,0,1, 9948702bfae767eeba6f1f1f724d395fdc812d4a," (1.0, 1.0, 1.0)"," (512, 512, 1)"," (40, 136, 0, 472, 328, 1)",128168,1," (295.5440671618501, 311.971162848761, 0.0)"," (295.5440671618501, 311.971162848761, 0.0)",128168,545.586840017,127711.166667,519.403964348196,0.0476978006938,0,0.623627633640974,2.01330456927,545.586840017,0,257121.475397,323.914665190206,472,307,0,1,0.124845932488087,124416.199987516,128168,0.012577366897895,0.012577366897895,0.970727482581584,80.3535671930591,80.3535671930591,0.129740154884801,80.3535671930591,0.012577366897895,1,1,2,-3.20342650381492E-16,0,1,1,1,0,-3.20342650381492E-16,0,0,1,1,1,1,-3.20342650381492E-16,1,0,0,0,0,0,1,0,0,10.4518019339006,1,0,1142,0,0.017661578147379,1142,1,0.094393751849582,0,0,0,1,0.008830789073689,0,110.240163665488,0.00891018038824,0.056020863741822,0,1,1,15230.4272880829,692.5,68583.8669209655,0.056020863741822,36.6727315725968,0.056020863741822,68583.8669209655,0.005403064727545,68583.8669209655,5.54627892326361,1,0.059474228423378,0,0,1,1,1,1,16427036224,6.08752538415295E-11,7.80225953436115E-06,16427036224,16427036224,1,6.08752538415295E-11,1,-3.20342650381492E-16,6.08752538415295E-11,1000000,0,0,0,0
0, /home/rajarshi/Desktop/jsrt_scr/img_nrrd/img_jsrt_0_26.nrrd, /home/rajarshi/Desktop/jsrt_scr/msk_nrrd/msk_jsrt_0_26.nrrd, 2.1.2, 1.15.4, 1.1.0, 1.0.0, 2.7.12," {'distances': [1], 'additionalInfo': True, 'force2D': False, 'interpolator': 'sitkBSpline', 'resampledPixelSpacing': None, 'label': 1, 'normalizeScale': 1, 'normalize': False, 'force2Ddimension': 0, 'removeOutliers': None, 'minimumROISize': None, 'minimumROIDimensions': 2, 'preCrop': False, 'resegmentRange': None, 'padDistance': 5}", {'Original': {}}, 69817727179ba8a47c498c0d2d87c02d3d37e576," (1.0, 1.0, 1.0)"," (512, 512, 1)",0.006847381591797,0,1, 02644a4a610d001cb1b3690da625818a66a27bb7," (1.0, 1.0, 1.0)"," (512, 512, 1)"," (96, 208, 0, 416, 299, 1)",101192,1," (316.7502964661238, 360.33860384220094, 0.0)"," (316.7502964661238, 360.33860384220094, 0.0)",101192,483.157324274,100730.5,458.359971227713,0.0515278708041,0,0.625560335908202,2.01707291305,483.157324274,0,203180.763068,286.731817568082,416,280,0,1,0.154103172961255,97398.4083326745,101192,0.012642047935622,0.012642047935622,0.96251095276973,80.1717724721322,80.1717724721322,0.165189665958594,80.1717724721322,0.012642047935622,1,1,2,-3.20342650381492E-16,0,1,1,1,0,-3.20342650381492E-16,0,0,1,1,1,1,-3.20342650381492E-16,1,0,0,0,0,0,1,0,0,10.2136181730696,1,0,943,0,0.018464152499455,943,1,0.09653454558644,0,0,0,1,0.009232076249728,0,105.317996185257,0.00931891849158,0.077828631622606,0,1,1,14001.6493323556,700.25,47762.3986331185,0.077828631622606,55.2202364097177,0.077828631622606,47762.3986331185,0.006920013439798,47762.3986331185,5.14912591003567,1,0.079572962124993,0,0,1,1,1,1,10239820864,9.76579584039098E-11,9.88220412680844E-06,10239820864,10239820864,1,9.76579584039098E-11,1,-3.20342650381492E-16,9.76579584039098E-11,1000000,0,0,0,0
0, /home/rajarshi/Desktop/jsrt_scr/img_nrrd/img_jsrt_0_28.nrrd, /home/rajarshi/Desktop/jsrt_scr/msk_nrrd/msk_jsrt_0_28.nrrd, 2.1.2, 1.15.4, 1.1.0, 1.0.0, 2.7.12," {'distances': [1], 'additionalInfo': True, 'force2D': False, 'interpolator': 'sitkBSpline', 'resampledPixelSpacing': None, 'label': 1, 'normalizeScale': 1, 'normalize': False, 'force2Ddimension': 0, 'removeOutliers': None, 'minimumROISize': None, 'minimumROIDimensions': 2, 'preCrop': False, 'resegmentRange': None, 'padDistance': 5}", {'Original': {}}, 6a521e1d2a632c26e53b83d2cc4b0edecfc1e68c," (1.0, 1.0, 1.0)"," (512, 512, 1)",0,0,0, ed71b026bba48911efdc930915e513230f45aa7a," (1.0, 1.0, 1.0)"," (512, 512, 1)"," (88, 160, 0, 424, 307, 1)",95624,1," (317.8846314732703, 322.7391868150255, 0.0)"," (317.8846314732703, 322.7391868150255, 0.0)",95624,489.800979991,95207.9166667,474.952456499897,0.0525250950034,0,0.556919565853476,2.01632061564,489.800979991,0,191969.685147,264.510315874965,424,256,0,1,0.150671263360177,92184.8719777462,95624,0.012632101894091,0.012632101894091,0.964034886406615,80.2092361750188,80.2092361750188,0.158916664588498,80.2092361750188,0.012632101894091,1,1,2,-3.20342650381492E-16,0,1,1,1,0,-3.20342650381492E-16,0,0,1,1,1,1,-3.20342650381492E-16,1,0,0,0,0,0,1,0,0,0,1,0,0,0,0,0,0,0,0,0,0,0,0,0,0,0,0.062608432849636,0,1,1,12509.2290663081,632.5,46379.0276117949,0.062608432849636,34.2432767786538,0.062608432849636,46379.0276117949,0.006614448255668,46379.0276117949,5.40358606790889,1,0.059229809056432,0,0,1,1,1,1,9143949376,1.09361935295124E-10,1.04576257006609E-05,9143949376,9143949376,1,1.09361935295124E-10,1,-3.20342650381492E-16,1.09361935295124E-10,1000000,0,0,0,0
0, /home/rajarshi/Desktop/jsrt_scr/img_nrrd/img_jsrt_0_2.nrrd, /home/rajarshi/Desktop/jsrt_scr/msk_nrrd/msk_jsrt_0_2.nrrd, 2.1.2, 1.15.4, 1.1.0, 1.0.0, 2.7.12," {'distances': [1], 'additionalInfo': True, 'force2D': False, 'interpolator': 'sitkBSpline', 'resampledPixelSpacing': None, 'label': 1, 'normalizeScale': 1, 'normalize': False, 'force2Ddimension': 0, 'removeOutliers': None, 'minimumROISize': None, 'minimumROIDimensions': 2, 'preCrop': False, 'resegmentRange': None, 'padDistance': 5}", {'Original': {}}, b0358df8500a12d4a601ce5a522c198a9e408c83," (1.0, 1.0, 1.0)"," (512, 512, 1)",0.006599426269531,0,1, 30c3c0e7bae16e211d76d8660b0716e998bae4f1," (1.0, 1.0, 1.0)"," (512, 512, 1)"," (51, 155, 0, 461, 264, 1)",98200,1," (290.67405295315683, 287.9920570264766, 0.0)"," (290.67405295315683, 287.9920570264766, 0.0)",98200,506.296355902,97737.25,502.427925019361,0.0520354135464,0,0.503470694572606,2.01758454419,506.296355902,0,197193.164992,252.957736382171,461,248,0,1,0.157142206539236,94427.820101833,98200,0.012652892440921,0.012652892440921,0.96158676274779,80.1471283095723,80.1471283095723,0.171081419108101,80.1471283095723,0.012652892440921,1,1,2,-3.20342650381492E-16,0,1,1,1,0,-3.20342650381492E-16,0,0,1,1,1,1,-3.20342650381492E-16,1,0,0,0,0,0,1,0,0,11.9458880102921,1,0,674,0,0.01363287110971,674,1,0.082846507398848,0,0,0,1,0.006816435554855,0,143.70424035444,0.006863543788187,0.079195616045699,0,1,1,14240.2013761736,700.5,49690.7415230748,0.079195616045699,55.9392149294372,0.079195616045699,49690.7415230748,0.007133401221996,49690.7415230748,5.00515803976677,1,0.078756502449585,0,0,1,1,1,1,9643240000,1.03699586446049E-10,1.0183299389002E-05,9643240000,9643240000,1,1.03699586446049E-10,1,-3.20342650381492E-16,1.03699586446049E-10,1000000,0,0,0,0
0, /home/rajarshi/Desktop/jsrt_scr/img_nrrd/img_jsrt_0_30.nrrd, /home/rajarshi/Desktop/jsrt_scr/msk_nrrd/msk_jsrt_0_30.nrrd, 2.1.2, 1.15.4, 1.1.0, 1.0.0, 2.7.12," {'distances': [1], 'additionalInfo': True, 'force2D': False, 'interpolator': 'sitkBSpline', 'resampledPixelSpacing': None, 'label': 1, 'normalizeScale': 1, 'normalize': False, 'force2Ddimension': 0, 'removeOutliers': None, 'minimumROISize': None, 'minimumROIDimensions': 2, 'preCrop': False, 'resegmentRange': None, 'padDistance': 5}", {'Original': {}}, 6c3ac75250865067a05f309e8b385df209d65efd," (1.0, 1.0, 1.0)"," (512, 512, 1)",0.006492614746094,0,1, f9a2df9912e164c881621900be0b47898f86167d," (1.0, 1.0, 1.0)"," (512, 512, 1)"," (56, 96, 0, 456, 368, 1)",117888,1," (297.39515472312706, 287.22088762214986, 0.0)"," (297.39515472312706, 287.22088762214986, 0.0)",117888,540.84470969,117446.916667,520.689539090941,0.0490323956854,0,0.563154511621353,2.0139737461,540.84470969,0,236535.006727,293.228663093106,456,312,0,1,0.131547788881522,114248.479489007,117888,0.012592231561309,0.012592231561309,0.969127302940134,80.3199816775244,80.3199816775244,0.137229841839152,80.3199816775244,0.012592231561309,1,1,2,-3.20342650381492E-16,0,1,1,1,0,-3.20342650381492E-16,0,0,1,1,1,1,-3.20342650381492E-16,1,0,0,0,0,0,1,0,0,11.5795690090839,1,0,860,0,0.014483683642827,860,1,0.08541112174476,0,0,0,1,0.007241841821413,0,135.086418436137,0.007295059717698,0.053434299770484,0,1,1,13262.2941503923,670.75,58063.0166985428,0.053434299770484,26.2591910743471,0.053434299770484,58063.0166985428,0.005689722448426,58063.0166985428,5.63524928597108,1,0.041323573142566,0,0,1,1,1,1,13897580544,7.19549706392405E-11,8.48262757871878E-06,13897580544,13897580544,1,7.19549706392405E-11,1,-3.20342650381492E-16,7.19549706392405E-11,1000000,0,0,0,0
0, /home/rajarshi/Desktop/jsrt_scr/img_nrrd/img_jsrt_0_32.nrrd, /home/rajarshi/Desktop/jsrt_scr/msk_nrrd/msk_jsrt_0_32.nrrd, 2.1.2, 1.15.4, 1.1.0, 1.0.0, 2.7.12," {'distances': [1], 'additionalInfo': True, 'force2D': False, 'interpolator': 'sitkBSpline', 'resampledPixelSpacing': None, 'label': 1, 'normalizeScale': 1, 'normalize': False, 'force2Ddimension': 0, 'removeOutliers': None, 'minimumROISize': None, 'minimumROIDimensions': 2, 'preCrop': False, 'resegmentRange': None, 'padDistance': 5}", {'Original': {}}, bde9622cea682f228f98c321bb7601cdc8fac944," (1.0, 1.0, 1.0)"," (512, 512, 1)",0.005928039550781,0,1, b089dae75dcc53097f2d0480b5ab46cfe2a44ba1," (1.0, 1.0, 1.0)"," (512, 512, 1)"," (104, 109, 0, 408, 347, 1)",110272,1," (325.7837347649449, 294.6909460243761, 0.0)"," (325.7837347649449, 294.6909460243761, 0.0)",110272,507.294786096,109853.916667,470.133237851033,0.0501330389671,0,0.659278255294922,2.0141334608,507.294786096,0,221260.449358,309.948620806581,408,309,0,1,0.131122116480593,106842.924894806,110272,0.012593431491735,0.012593431491735,0.96890348315806,80.311955890888,80.311955890888,0.138406335621658,80.311955890888,0.012593431491735,1,1,2,-3.20342650381492E-16,0,1,1,1,0,-3.20342650381492E-16,0,0,1,1,1,1,-3.20342650381492E-16,1,0,0,0,0,0,1,0,0,11.2107066941723,1,0,857,0,0.015422585245814,857,1,0.088157199459823,0,0,0,1,0.007711292622907,0,126.679944582761,0.007771691816599,0.054190107090322,0,1,1,12992.7056003656,634.5,55727.8847431765,0.054190107090322,28.2101125548575,0.054190107090322,55727.8847431765,0.005753953859547,55727.8847431765,5.69099153086223,1,0.0521579754774,0,0,1,1,1,1,12159913984,8.22374238268296E-11,9.06848520023215E-06,12159913984,12159913984,1,8.22374238268296E-11,1,-3.20342650381492E-16,8.22374238268296E-11,1000000,0,0,0,0
0, /home/rajarshi/Desktop/jsrt_scr/img_nrrd/img_jsrt_0_34.nrrd, /home/rajarshi/Desktop/jsrt_scr/msk_nrrd/msk_jsrt_0_34.nrrd, 2.1.2, 1.15.4, 1.1.0, 1.0.0, 2.7.12," {'distances': [1], 'additionalInfo': True, 'force2D': False, 'interpolator': 'sitkBSpline', 'resampledPixelSpacing': None, 'label': 1, 'normalizeScale': 1, 'normalize': False, 'force2Ddimension': 0, 'removeOutliers': None, 'minimumROISize': None, 'minimumROIDimensions': 2, 'preCrop': False, 'resegmentRange': None, 'padDistance': 5}", {'Original': {}}, 99b194846fb3cad5ccc46bba9b9092485989dee0," (1.0, 1.0, 1.0)"," (512, 512, 1)",0.006401062011719,0,1, ac4bbdd08b6a5b6b0858af8e62cfc7f1e6547fc0," (1.0, 1.0, 1.0)"," (512, 512, 1)"," (75, 72, 0, 437, 352, 1)",115720,1," (311.6765295540961, 260.5725198755617, 0.0)"," (311.6765295540961, 260.5725198755617, 0.0)",115720,533.000938085,115278.583333,493.260975368229,0.0493312961875,0,0.617970382687053,2.01424388629,533.000938085,0,232199.1817,304.820673712893,436,311,0,1,0.134492053559713,112077.018475631,115720,0.012597421674291,0.012597421674291,0.968518998233934,80.3074144486692,80.3074144486692,0.139934113643562,80.3074144486692,0.012597421674291,1,1,2,-3.20342650381492E-16,0,1,1,1,0,-3.20342650381492E-16,0,0,1,1,1,1,-3.20342650381492E-16,1,0,0,0,0,0,1,0,0,12.0253424900819,1,0,784,0,0.013458147603265,784,1,0.082310230684614,0,0,0,1,0.006729073801633,0,145.60886200377,0.006774974075354,0.063345924103533,0,1,1,14561.9747746523,670.75,56010.3035712696,0.063345924103533,29.5494123369114,0.063345924103533,56010.3035712696,0.005796318700311,56010.3035712696,5.63255832828457,1,0.047183260268679,0,0,1,1,1,1,13391118400,7.46763616099459E-11,8.64154856550294E-06,13391118400,13391118400,1,7.46763616099459E-11,1,-3.20342650381492E-16,7.46763616099459E-11,1000000,0,0,0,0
0, /home/rajarshi/Desktop/jsrt_scr/img_nrrd/img_jsrt_0_36.nrrd, /home/rajarshi/Desktop/jsrt_scr/msk_nrrd/msk_jsrt_0_36.nrrd, 2.1.2, 1.15.4, 1.1.0, 1.0.0, 2.7.12," {'distances': [1], 'additionalInfo': True, 'force2D': False, 'interpolator': 'sitkBSpline', 'resampledPixelSpacing': None, 'label': 1, 'normalizeScale': 1, 'normalize': False, 'force2Ddimension': 0, 'removeOutliers': None, 'minimumROISize': None, 'minimumROIDimensions': 2, 'preCrop': False, 'resegmentRange': None, 'padDistance': 5}", {'Original': {}}, a3ce2f52d5978bccdd2c0060cff625ade6e21f7b," (1.0, 1.0, 1.0)"," (512, 512, 1)",0.013465881347656,0,1, 39aabe5382919dda29b96f66da5701d358803bd7," (1.0, 1.0, 1.0)"," (512, 512, 1)"," (96, 56, 0, 416, 368, 1)",109888,1," (325.3479542807222, 259.1594714618521, 0.0)"," (325.3479542807222, 259.1594714618521, 0.0)",109888,526.924093205,109428.666667,483.350644756167,0.0501594047177,0,0.623482501212099,2.01567904803,526.924093205,0,220573.070654,301.360668955056,416,312,0,1,0.145845182279154,106088.094860221,109888,0.012620304226728,0.012620304226728,0.96542019929584,80.2404630168899,80.2404630168899,0.15255757628077,80.2404630168899,0.012620304226728,1,1,2,-3.20342650381492E-16,0,1,1,1,0,-3.20342650381492E-16,0,0,1,1,1,1,-3.20342650381492E-16,1,0,0,0,0,0,1,0,0,95.6782809343236,1,0,12,0,0.000218380343165,12,1,0.010449980702387,0,0,0,1,0.000109190171582,0,9155.33344254736,0.00010920209668,0.0686283088646,0,1,1,15144.7432652211,698,49683.1755006516,0.0686283088646,34.8716879591702,0.0686283088646,49683.1755006516,0.006351921956902,49683.1755006516,5.6078115374164,1,0.053566886777234,0,0,1,1,1,1,12075372544,8.28131799955836E-11,9.10017472335469E-06,12075372544,12075372544,1,8.28131799955836E-11,1,-3.20342650381492E-16,8.28131799955836E-11,1000000,0,0,0,0
0, /home/rajarshi/Desktop/jsrt_scr/img_nrrd/img_jsrt_0_38.nrrd, /home/rajarshi/Desktop/jsrt_scr/msk_nrrd/msk_jsrt_0_38.nrrd, 2.1.2, 1.15.4, 1.1.0, 1.0.0, 2.7.12," {'distances': [1], 'additionalInfo': True, 'force2D': False, 'interpolator': 'sitkBSpline', 'resampledPixelSpacing': None, 'label': 1, 'normalizeScale': 1, 'normalize': False, 'force2Ddimension': 0, 'removeOutliers': None, 'minimumROISize': None, 'minimumROIDimensions': 2, 'preCrop': False, 'resegmentRange': None, 'padDistance': 5}", {'Original': {}}, 0c6315eba5f2d4cb43343de4d78ff08dedebc7f0," (1.0, 1.0, 1.0)"," (512, 512, 1)",0.006446838378906,0,1, 804251bdc530dec70e4c655a13a89efc8ea3942b," (1.0, 1.0, 1.0)"," (512, 512, 1)"," (160, 80, 0, 352, 368, 1)",106512,1," (354.4213234189575, 279.8887261529217, 0.0)"," (354.4213234189575, 279.8887261529217, 0.0)",106512,469.707355701,106124.666667,421.498023681777,0.0507285292409,0,0.791997944337145,2.0135375836,469.707355701,0,213686.00488,333.825568298136,352,352,0,1,0.125457681117906,103345.911146162,106512,0.012581954059317,0.012581954059317,0.970274815477711,80.3407691152171,80.3407691152171,0.13242600260689,80.3407691152171,0.012581954059317,1,1,2,-3.20342650381492E-16,0,1,1,1,0,-3.20342650381492E-16,0,0,1,1,1,1,-3.20342650381492E-16,1,0,0,0,0,0,1,0,0,9.40413037626617,1,0,1165,0,0.021636201349268,1165,1,0.104583625464684,0,0,0,1,0.010818100674634,0,89.4376681338121,0.010937734715337,0.046322652839487,0,1,1,11794.5341309769,587,56546.6518662182,0.046322652839487,23.5262029365661,0.046322652839487,56546.6518662182,0.005511116118372,56546.6518662182,5.71537500251133,1,0.049594870553815,0,0,1,1,1,1,11344806144,8.81460632563454E-11,9.38861348955986E-06,11344806144,11344806144,1,8.81460632563454E-11,1,-3.20342650381492E-16,8.81460632563454E-11,1000000,0,0,0,0
0, /home/rajarshi/Desktop/jsrt_scr/img_nrrd/img_jsrt_0_40.nrrd, /home/rajarshi/Desktop/jsrt_scr/msk_nrrd/msk_jsrt_0_40.nrrd, 2.1.2, 1.15.4, 1.1.0, 1.0.0, 2.7.12," {'distances': [1], 'additionalInfo': True, 'force2D': False, 'interpolator': 'sitkBSpline', 'resampledPixelSpacing': None, 'label': 1, 'normalizeScale': 1, 'normalize': False, 'force2Ddimension': 0, 'removeOutliers': None, 'minimumROISize': None, 'minimumROIDimensions': 2, 'preCrop': False, 'resegmentRange': None, 'padDistance': 5}", {'Original': {}}, 9a00363f10a67999703acffe26b63e58a8fa39ea," (1.0, 1.0, 1.0)"," (512, 512, 1)",0.012130737304688,0,1, 4fd7857de2a3a4dcf3b3134e6793230aab202d2b," (1.0, 1.0, 1.0)"," (512, 512, 1)"," (88, 131, 0, 424, 314, 1)",102680,1," (322.4783794312427, 298.2665757693806, 0.0)"," (322.4783794312427, 298.2665757693806, 0.0)",102680,500.896196831,102253.75,469.492453225278,0.0513109882001,0,0.613507965479388,2.01549007702,500.896196831,0,206091.418463,288.037359786167,424,288,0,1,0.142067124107112,99195.6204713673,102680,0.012616639501337,0.012616639501337,0.966065645416511,80.2487534086482,80.2487534086482,0.151134518549162,80.2487534086482,0.012616639501337,1,1,2,-3.20342650381492E-16,0,1,1,1,0,-3.20342650381492E-16,0,0,1,1,1,1,-3.20342650381492E-16,1,0,0,0,0,0,1,0,0,7.74162886005968,1,0,1632,0,0.031282838471997,1632,1,0.12607156592626,0,0,0,1,0.015641419235999,0,60.932817406909,0.015894039735099,0.063183983734941,0,1,1,12747.7997172564,645.25,51343.5284287433,0.063183983734941,31.1911120278272,0.063183983734941,51343.5284287433,0.006284086482275,51343.5284287433,5.56751703394489,1,0.051023075310755,0,0,1,1,1,1,10543182400,9.48480223580311E-11,9.73899493572263E-06,10543182400,10543182400,1,9.48480223580311E-11,1,-3.20342650381492E-16,9.48480223580311E-11,1000000,0,0,0,0
0, /home/rajarshi/Desktop/jsrt_scr/img_nrrd/img_jsrt_0_42.nrrd, /home/rajarshi/Desktop/jsrt_scr/msk_nrrd/msk_jsrt_0_42.nrrd, 2.1.2, 1.15.4, 1.1.0, 1.0.0, 2.7.12," {'distances': [1], 'additionalInfo': True, 'force2D': False, 'interpolator': 'sitkBSpline', 'resampledPixelSpacing': None, 'label': 1, 'normalizeScale': 1, 'normalize': False, 'force2Ddimension': 0, 'removeOutliers': None, 'minimumROISize': None, 'minimumROIDimensions': 2, 'preCrop': False, 'resegmentRange': None, 'padDistance': 5}", {'Original': {}}, 6a521e1d2a632c26e53b83d2cc4b0edecfc1e68c," (1.0, 1.0, 1.0)"," (512, 512, 1)",0,0,0, 1f28e3c3f5efd1c0fdf252f1338f85e0c583ae6b," (1.0, 1.0, 1.0)"," (512, 512, 1)"," (40, 168, 0, 472, 317, 1)",125392,1," (292.52172387393136, 332.33523669771597, 0.0)"," (292.52172387393136, 332.33523669771597, 0.0)",125392,523.588578943,124898.083333,517.672952992465,0.0480201244004,0,0.61334871231456,2.01469319294,523.588578943,0,251631.318302,317.514039118004,472,299,0,1,0.134726502570682,121357.524515121,125392,0.012600557939543,0.012600557939543,0.967825096617971,80.286924205691,80.286924205691,0.142792218659067,80.286924205691,0.012600557939543,1,1,2,-3.20342650381492E-16,0,1,1,1,0,-3.20342650381492E-16,0,0,1,1,1,1,-3.20342650381492E-16,1,0,0,0,0,0,1,0,0,0,1,0,0,0,0,0,0,0,0,0,0,0,0,0,0,0,0.073420500844742,0,1,1,17965.6141142104,747.25,61770.6155178032,0.073420500844742,53.264083749532,0.073420500844742,61770.6155178032,0.005959311598826,61770.6155178032,5.26694253888327,1,0.076374438867232,0,0,1,1,1,1,15723153664,6.36004723587747E-11,7.97499043001148E-06,15723153664,15723153664,1,6.36004723587747E-11,1,-3.20342650381492E-16,6.36004723587747E-11,1000000,0,0,0,0
0, /home/rajarshi/Desktop/jsrt_scr/img_nrrd/img_jsrt_0_44.nrrd, /home/rajarshi/Desktop/jsrt_scr/msk_nrrd/msk_jsrt_0_44.nrrd, 2.1.2, 1.15.4, 1.1.0, 1.0.0, 2.7.12," {'distances': [1], 'additionalInfo': True, 'force2D': False, 'interpolator': 'sitkBSpline', 'resampledPixelSpacing': None, 'label': 1, 'normalizeScale': 1, 'normalize': False, 'force2Ddimension': 0, 'removeOutliers': None, 'minimumROISize': None, 'minimumROIDimensions': 2, 'preCrop': False, 'resegmentRange': None, 'padDistance': 5}", {'Original': {}}, 6a521e1d2a632c26e53b83d2cc4b0edecfc1e68c," (1.0, 1.0, 1.0)"," (512, 512, 1)",0,0,0, 8f2c7dc5321595131a0bbae45312969cec1715b9," (1.0, 1.0, 1.0)"," (512, 512, 1)"," (21, 80, 0, 491, 352, 1)",141544,1," (294.23043011360426, 277.64033798677445, 0.0)"," (294.23043011360426, 277.64033798677445, 0.0)",141544,574.206408881,141041.25,542.698072270643,0.0461465945322,0,0.642988315370538,2.01324093072,574.206408881,0,283950.01742,348.948519244139,491,352,0,1,0.123043918053415,137425.505835641,141544,0.012575350522132,0.012575350522132,0.97090308197904,80.3555926072458,80.3555926072458,0.128959604107623,80.3555926072458,0.012575350522132,1,1,2,-3.20342650381492E-16,0,1,1,1,0,-3.20342650381492E-16,0,0,1,1,1,1,-3.20342650381492E-16,1,0,0,0,0,0,1,0,0,0,1,0,0,0,0,0,0,0,0,0,0,0,0,0,0,0,0.060034848608532,0,1,1,17445.6339500916,762,72918.255140842,0.060034848608532,40.148815800981,0.060034848608532,72918.255140842,0.005383484994065,72918.255140842,5.67788432743072,1,0.05581385545703,0,0,1,1,1,1,20034703936,4.99133904446233E-11,7.06494093709377E-06,20034703936,20034703936,1,4.99133904446233E-11,1,-3.20342650381492E-16,4.99133904446233E-11,1000000,0,0,0,0
0, /home/rajarshi/Desktop/jsrt_scr/img_nrrd/img_jsrt_0_46.nrrd, /home/rajarshi/Desktop/jsrt_scr/msk_nrrd/msk_jsrt_0_46.nrrd, 2.1.2, 1.15.4, 1.1.0, 1.0.0, 2.7.12," {'distances': [1], 'additionalInfo': True, 'force2D': False, 'interpolator': 'sitkBSpline', 'resampledPixelSpacing': None, 'label': 1, 'normalizeScale': 1, 'normalize': False, 'force2Ddimension': 0, 'removeOutliers': None, 'minimumROISize': None, 'minimumROIDimensions': 2, 'preCrop': False, 'resegmentRange': None, 'padDistance': 5}", {'Original': {}}, 696b540f96526046e8988ade31dd1e6986444f8b," (1.0, 1.0, 1.0)"," (512, 512, 1)",0.009571075439453,0,1, 4ae00d7998c8e20a8b5ea828ecaf2361485f4f8e," (1.0, 1.0, 1.0)"," (512, 512, 1)"," (88, 112, 0, 424, 368, 1)",111192,1," (323.6783221814519, 313.83937693359235, 0.0)"," (323.6783221814519, 313.83937693359235, 0.0)",111192,522.869964714,110738.166667,488.384216427947,0.0499703013889,0,0.613011801221756,2.01530003562,522.869964714,0,223170.631228,299.385288200772,424,312,0,1,0.143822475438424,107425.927045111,111192,0.01261608118734,0.01261608118734,0.966130000765443,80.257392618174,80.257392618174,0.149805480785468,80.257392618174,0.01261608118734,1,1,2,-3.20342650381492E-16,0,1,1,1,0,-3.20342650381492E-16,0,0,1,1,1,1,-3.20342650381492E-16,1,0,0,0,0,0,1,0,0,8.94378570337853,1,0,1340,0,0.02381198928363,1340,1,0.109778079355386,0,0,0,1,0.011905994641815,0,80.9913027079582,0.012051226706957,0.069229267388531,0,1,1,14923.5299900872,691,50620.9137234007,0.069229267388531,33.6763545402648,0.069229267388531,50620.9137234007,0.006214475861573,50620.9137234007,5.57445400012411,1,0.051620562807164,0,0,1,1,1,1,12363660864,8.08821926612173E-11,8.99345276638607E-06,12363660864,12363660864,1,8.08821926612173E-11,1,-3.20342650381492E-16,8.08821926612173E-11,1000000,0,0,0,0
0, /home/rajarshi/Desktop/jsrt_scr/img_nrrd/img_jsrt_0_48.nrrd, /home/rajarshi/Desktop/jsrt_scr/msk_nrrd/msk_jsrt_0_48.nrrd, 2.1.2, 1.15.4, 1.1.0, 1.0.0, 2.7.12," {'distances': [1], 'additionalInfo': True, 'force2D': False, 'interpolator': 'sitkBSpline', 'resampledPixelSpacing': None, 'label': 1, 'normalizeScale': 1, 'normalize': False, 'force2Ddimension': 0, 'removeOutliers': None, 'minimumROISize': None, 'minimumROIDimensions': 2, 'preCrop': False, 'resegmentRange': None, 'padDistance': 5}", {'Original': {}}, a6b8384204f083ba7497d62cbd3c596e934bf0f2," (1.0, 1.0, 1.0)"," (512, 512, 1)",0.008476257324219,0,1, dd2d1380a301a8dc669a8a3ec833eab3bb343278," (1.0, 1.0, 1.0)"," (512, 512, 1)"," (96, 104, 0, 416, 336, 1)",106528,1," (314.0153574647041, 279.8454115349955, 0.0)"," (314.0153574647041, 279.8454115349955, 0.0)",106528,501.805739306,106084.916667,470.180860510649,0.0506825466483,0,0.623807708884776,2.01561608689,501.805739306,0,213826.46461,293.30244535662,416,296,0,1,0.146089804569871,102853.663468759,106528,0.012619768373382,0.012619768373382,0.965508255752097,80.2438607689997,80.2438607689997,0.152047180357633,80.2438607689997,0.012619768373382,1,1,2,-3.20342650381492E-16,0,1,1,1,0,-3.20342650381492E-16,0,0,1,1,1,1,-3.20342650381492E-16,1,0,0,0,0,0,1,0,0,10.4471878957367,1,0,950,0,0.017676630537768,950,1,0.094434332719382,0,0,0,1,0.008838315268884,0,110.143734928828,0.008917843196155,0.069266236754253,0,1,1,13905.1052069801,673.75,50562.9485934114,0.069266236754253,38.2449746454716,0.069266236754253,50562.9485934114,0.006324628266747,50562.9485934114,5.40012897555084,1,0.059662287532266,0,0,1,1,1,1,11348214784,8.81195870041087E-11,9.38720336437369E-06,11348214784,11348214784,1,8.81195870041087E-11,1,-3.20342650381492E-16,8.81195870041087E-11,1000000,0,0,0,0
0, /home/rajarshi/Desktop/jsrt_scr/img_nrrd/img_jsrt_0_4.nrrd, /home/rajarshi/Desktop/jsrt_scr/msk_nrrd/msk_jsrt_0_4.nrrd, 2.1.2, 1.15.4, 1.1.0, 1.0.0, 2.7.12," {'distances': [1], 'additionalInfo': True, 'force2D': False, 'interpolator': 'sitkBSpline', 'resampledPixelSpacing': None, 'label': 1, 'normalizeScale': 1, 'normalize': False, 'force2Ddimension': 0, 'removeOutliers': None, 'minimumROISize': None, 'minimumROIDimensions': 2, 'preCrop': False, 'resegmentRange': None, 'padDistance': 5}", {'Original': {}}, 6702e963b6c3a62744a2a42d98f1dc896bcbf601," (1.0, 1.0, 1.0)"," (512, 512, 1)",0.008159637451172,0,1, cf696c217a9163262b5ff52704ba12a8115747e4," (1.0, 1.0, 1.0)"," (512, 512, 1)"," (88, 144, 0, 424, 344, 1)",114888,1," (317.9248311398928, 331.0639927581645, 0.0)"," (317.9248311398928, 331.0639927581645, 0.0)",114888,519.400616095,114456.166667,479.411644054635,0.0494542486801,0,0.655017119516993,2.01403702726,519.400616095,0,230518.957664,314.022834151573,424,314,0,1,0.13150267613955,111331.79527888,114888,0.012592295609962,0.012592295609962,0.969046334507349,80.3173525520507,80.3173525520507,0.137492820744987,80.3173525520507,0.012592295609962,1,1,2,-3.20342650381492E-16,0,1,1,1,0,-3.20342650381492E-16,0,0,1,1,1,1,-3.20342650381492E-16,1,0,0,0,0,0,1,0,0,9.34515651678631,1,0,1272,0,0.021898141810416,1272,1,0.105221919731084,0,0,0,1,0.010949070905208,0,88.3319503232337,0.011071652391895,0.05839225558452,0,1,1,13584.2744755984,656,58493.4721318256,0.05839225558452,31.3953259337654,0.05839225558452,58493.4721318256,0.005709908780726,58493.4721318256,5.62023164287179,1,0.052979735568372,0,0,1,1,1,1,13199252544,7.57618658076643E-11,8.70412923891094E-06,13199252544,13199252544,1,7.57618658076643E-11,1,-3.20342650381492E-16,7.57618658076643E-11,1000000,0,0,0,0
0, /home/rajarshi/Desktop/jsrt_scr/img_nrrd/img_jsrt_0_50.nrrd, /home/rajarshi/Desktop/jsrt_scr/msk_nrrd/msk_jsrt_0_50.nrrd, 2.1.2, 1.15.4, 1.1.0, 1.0.0, 2.7.12," {'distances': [1], 'additionalInfo': True, 'force2D': False, 'interpolator': 'sitkBSpline', 'resampledPixelSpacing': None, 'label': 1, 'normalizeScale': 1, 'normalize': False, 'force2Ddimension': 0, 'removeOutliers': None, 'minimumROISize': None, 'minimumROIDimensions': 2, 'preCrop': False, 'resegmentRange': None, 'padDistance': 5}", {'Original': {}}, 279bf35a875c1b7fc1c048700d450f8f91218e81," (1.0, 1.0, 1.0)"," (512, 512, 1)",0.007114410400391,0,1, 4a37f885e907ac2baaf2fae23f92ef04123483cd," (1.0, 1.0, 1.0)"," (512, 512, 1)"," (128, 112, 0, 384, 312, 1)",93664,1," (340.5213529210796, 282.2111376836351, 0.0)"," (340.5213529210796, 282.2111376836351, 0.0)",93664,457.017505135,93274.1666667,423.600570301618,0.0529052573308,0,0.687860653003929,2.01557130801,457.017505135,0,188000.734112,291.378164900508,384,288,0,1,0.144371147699906,90447.5107618722,93664,0.012619521368491,0.012619521368491,0.965659279572432,80.2438076528869,80.2438076528869,0.152162256098138,80.2438076528869,0.012619521368491,1,1,2,-3.20342650381492E-16,0,1,1,1,0,-3.20342650381492E-16,0,0,1,1,1,1,-3.20342650381492E-16,1,0,0,0,0,0,1,0,0,9.17283559081198,1,0,1075,0,0.022690938146752,1075,1,0.107131671695568,0,0,0,1,0.011345469073376,0,85.1409127760669,0.011477195080287,0.059729406014091,0,1,1,11822.3048202416,592.5,47276.9044386298,0.059729406014091,26.8116896797211,0.059729406014091,47276.9044386298,0.006325802869833,47276.9044386298,5.55799657967864,1,0.050757095219746,0,0,1,1,1,1,8772944896,1.13986809657946E-10,1.06764605398018E-05,8772944896,8772944896,1,1.13986809657946E-10,1,-3.20342650381492E-16,1.13986809657946E-10,1000000,0,0,0,0
0, /home/rajarshi/Desktop/jsrt_scr/img_nrrd/img_jsrt_0_52.nrrd, /home/rajarshi/Desktop/jsrt_scr/msk_nrrd/msk_jsrt_0_52.nrrd, 2.1.2, 1.15.4, 1.1.0, 1.0.0, 2.7.12," {'distances': [1], 'additionalInfo': True, 'force2D': False, 'interpolator': 'sitkBSpline', 'resampledPixelSpacing': None, 'label': 1, 'normalizeScale': 1, 'normalize': False, 'force2Ddimension': 0, 'removeOutliers': None, 'minimumROISize': None, 'minimumROIDimensions': 2, 'preCrop': False, 'resegmentRange': None, 'padDistance': 5}", {'Original': {}}, 6a521e1d2a632c26e53b83d2cc4b0edecfc1e68c," (1.0, 1.0, 1.0)"," (512, 512, 1)",0,0,0, a257c20958fafc3ccc097e0b63f7d3e207a13388," (1.0, 1.0, 1.0)"," (512, 512, 1)"," (80, 160, 0, 432, 317, 1)",104776,1," (309.6946247232191, 324.5043903183935, 0.0)"," (309.6946247232191, 324.5043903183935, 0.0)",104776,503.476911089,104333.083333,484.755029670194,0.0509607279283,0,0.582765137134727,2.01577082039,503.476911089,0,210311.584985,282.4983313425,432,272,0,1,0.143879926121298,101151.031056731,104776,0.012622365521304,0.012622365521304,0.965402678635666,80.2335840268764,80.2335840268764,0.154180017768641,80.2335840268764,0.012622365521304,1,1,2,-3.20342650381492E-16,0,1,1,1,0,-3.20342650381492E-16,0,0,1,1,1,1,-3.20342650381492E-16,1,0,0,0,0,0,1,0,0,0,1,0,0,0,0,0,0,0,0,0,0,0,0,0,0,0,0.069507269002865,0,1,1,14036.7062520036,671.75,50176.3232278773,0.069507269002865,42.4960607845219,0.069507269002865,50176.3232278773,0.00641129648011,50176.3232278773,5.32583042883303,1,0.067762356458183,0,0,1,1,1,1,10978010176,9.10911890194991E-11,9.54417042070703E-06,10978010176,10978010176,1,9.10911890194991E-11,1,-3.20342650381492E-16,9.10911890194991E-11,1000000,0,0,0,0
0, /home/rajarshi/Desktop/jsrt_scr/img_nrrd/img_jsrt_0_54.nrrd, /home/rajarshi/Desktop/jsrt_scr/msk_nrrd/msk_jsrt_0_54.nrrd, 2.1.2, 1.15.4, 1.1.0, 1.0.0, 2.7.12," {'distances': [1], 'additionalInfo': True, 'force2D': False, 'interpolator': 'sitkBSpline', 'resampledPixelSpacing': None, 'label': 1, 'normalizeScale': 1, 'normalize': False, 'force2Ddimension': 0, 'removeOutliers': None, 'minimumROISize': None, 'minimumROIDimensions': 2, 'preCrop': False, 'resegmentRange': None, 'padDistance': 5}", {'Original': {}}, 2ae0212f55ee1ba04c8e208361ac39346ca21396," (1.0, 1.0, 1.0)"," (512, 512, 1)",0.007556915283203,0,1, b7f0b729e16c11d0aa2c665e59a518f531e25d7e," (1.0, 1.0, 1.0)"," (512, 512, 1)"," (72, 104, 0, 440, 331, 1)",113640,1," (314.1686378035903, 283.25441745864134, 0.0)"," (314.1686378035903, 283.25441745864134, 0.0)",113640,512.000976562,113207.666667,485.354425486251,0.0496301915326,0,0.633165929958279,2.01424777937,512.000976562,0,228028.291191,307.309886172368,440,303,0,1,0.134053689119679,110068.202393523,113640,0.012595315810564,0.012595315810564,0.968569186849027,80.3089581133404,80.3089581133404,0.139027525804144,80.3089581133404,0.012595315810564,1,1,2,-3.20342650381492E-16,0,1,1,1,0,-3.20342650381492E-16,0,0,1,1,1,1,-3.20342650381492E-16,1,0,0,0,0,0,1,0,0,10.188913713985,1,0,1064,0,0.018550472967055,1064,1,0.096762081350019,0,0,0,1,0.009275236483527,0,104.813962671032,0.009362900387188,0.058828706507156,0,1,1,14469.1915243773,656.75,57264.546074227,0.058828706507156,29.7949764557883,0.058828706507156,57264.546074227,0.005779215065118,57264.546074227,5.53831313174758,1,0.051369583681478,0,0,1,1,1,1,12914049600,7.74350440778855E-11,8.79971840901091E-06,12914049600,12914049600,1,7.74350440778855E-11,1,-3.20342650381492E-16,7.74350440778855E-11,1000000,0,0,0,0
0, /home/rajarshi/Desktop/jsrt_scr/img_nrrd/img_jsrt_0_56.nrrd, /home/rajarshi/Desktop/jsrt_scr/msk_nrrd/msk_jsrt_0_56.nrrd, 2.1.2, 1.15.4, 1.1.0, 1.0.0, 2.7.12," {'distances': [1], 'additionalInfo': True, 'force2D': False, 'interpolator': 'sitkBSpline', 'resampledPixelSpacing': None, 'label': 1, 'normalizeScale': 1, 'normalize': False, 'force2Ddimension': 0, 'removeOutliers': None, 'minimumROISize': None, 'minimumROIDimensions': 2, 'preCrop': False, 'resegmentRange': None, 'padDistance': 5}", {'Original': {}}, 37098a5a8a3a55c3a941bc6ee5b8ed96305b0f0e," (1.0, 1.0, 1.0)"," (512, 512, 1)",0.007514953613281,0,1, 1cdf42736872f761d86100f94f1324647dc4e744," (1.0, 1.0, 1.0)"," (512, 512, 1)"," (48, 136, 0, 464, 320, 1)",127608,1," (302.42834305059245, 304.60121622468813, 0.0)"," (302.42834305059245, 304.60121622468813, 0.0)",127608,532.046050638,127176.416667,505.173730551826,0.0477822373433,0,0.660276878864174,2.01255974595,532.046050638,0,255950.136818,333.554534092931,464,312,0,1,0.116758483815009,124091.757617077,127608,0.012564116312282,0.012564116312282,0.972444969101289,80.3874208513573,80.3874208513573,0.122907472671119,80.3874208513573,0.012564116312282,1,1,2,-3.20342650381492E-16,0,1,1,1,0,-3.20342650381492E-16,0,0,1,1,1,1,-3.20342650381492E-16,1,0,0,0,0,0,1,0,0,9.96292509974906,1,0,1248,0,0.019368607313443,1248,1,0.09889363528683,0,0,0,1,0.009684303656721,0,100.25987654321,0.009779951100245,0.047924286444667,0,1,1,14792.8344359868,653.25,70067.5500415028,0.047924286444667,34.1190272067893,0.047924286444667,70067.5500415028,0.005119193154034,70067.5500415028,5.59422444840657,1,0.06256126772568,0,0,1,1,1,1,16283801664,6.14107209504268E-11,7.83649927904207E-06,16283801664,16283801664,1,6.14107209504268E-11,1,-3.20342650381492E-16,6.14107209504268E-11,1000000,0,0,0,0
0, /home/rajarshi/Desktop/jsrt_scr/img_nrrd/img_jsrt_0_58.nrrd, /home/rajarshi/Desktop/jsrt_scr/msk_nrrd/msk_jsrt_0_58.nrrd, 2.1.2, 1.15.4, 1.1.0, 1.0.0, 2.7.12," {'distances': [1], 'additionalInfo': True, 'force2D': False, 'interpolator': 'sitkBSpline', 'resampledPixelSpacing': None, 'label': 1, 'normalizeScale': 1, 'normalize': False, 'force2Ddimension': 0, 'removeOutliers': None, 'minimumROISize': None, 'minimumROIDimensions': 2, 'preCrop': False, 'resegmentRange': None, 'padDistance': 5}", {'Original': {}}, 232d36e04d006cf02afc83acd37ab1d815b3a65a," (1.0, 1.0, 1.0)"," (512, 512, 1)",0.008922576904297,0,1, 366b431ad2f7a0f139d48d8bd2bbf9a35175e9b7," (1.0, 1.0, 1.0)"," (512, 512, 1)"," (69, 128, 0, 443, 315, 1)",111664,1," (307.0660553087835, 291.7457372116349, 0.0)"," (307.0660553087835, 291.7457372116349, 0.0)",111664,505.759824423,111223.666667,489.147324391236,0.0499110221147,0,0.609813250272412,2.01475352676,505.759824423,0,224088.274676,298.288519749074,443,287,0,1,0.137066722541067,108039.109757845,111664,0.012602919516477,0.012602919516477,0.967537521115534,80.2843888809285,80.2843888809285,0.143539973491391,80.2843888809285,0.012602919516477,1,1,2,-3.20342650381492E-16,0,1,1,1,0,-3.20342650381492E-16,0,0,1,1,1,1,-3.20342650381492E-16,1,0,0,0,0,0,1,0,0,9.03359850688854,1,0,1320,0,0.023362875148279,1320,1,0.108725240028118,0,0,0,1,0.011681437574139,0,82.6059019836588,0.011821177819172,0.062564519149147,0,1,1,14382.4242197121,668,56189.9678623637,0.062564519149147,35.907239923797,0.062564519149147,56189.9678623637,0.00598223241152,56189.9678623637,5.41286706563394,1,0.058720227088919,0,0,1,1,1,1,12468848896,8.01998651471989E-11,8.95543774179682E-06,12468848896,12468848896,1,8.01998651471989E-11,1,-3.20342650381492E-16,8.01998651471989E-11,1000000,0,0,0,0
0, /home/rajarshi/Desktop/jsrt_scr/img_nrrd/img_jsrt_0_60.nrrd, /home/rajarshi/Desktop/jsrt_scr/msk_nrrd/msk_jsrt_0_60.nrrd, 2.1.2, 1.15.4, 1.1.0, 1.0.0, 2.7.12," {'distances': [1], 'additionalInfo': True, 'force2D': False, 'interpolator': 'sitkBSpline', 'resampledPixelSpacing': None, 'label': 1, 'normalizeScale': 1, 'normalize': False, 'force2Ddimension': 0, 'removeOutliers': None, 'minimumROISize': None, 'minimumROIDimensions': 2, 'preCrop': False, 'resegmentRange': None, 'padDistance': 5}", {'Original': {}}, fe14879c8f5edcbbf63d0a79582decda5ce94503," (1.0, 1.0, 1.0)"," (512, 512, 1)",0.006633758544922,0,1, f2fad6340f17644fb8ee4d41c2f2e6276d606aaa," (1.0, 1.0, 1.0)"," (512, 512, 1)"," (112, 136, 0, 400, 336, 1)",102280,1," (332.8478294876809, 320.545248337896, 0.0)"," (332.8478294876809, 320.545248337896, 0.0)",102280,490.600652262,101869.416667,452.153118996326,0.0513878932352,0,0.661334168649422,2.01500148982,490.600652262,0,205267.026351,299.024307053678,400,303,0,1,0.138661691497722,98904.5629057489,102280,0.012608293870587,0.012608293870587,0.966998072993243,80.2713140398905,80.2713140398905,0.146411222255378,80.2713140398905,0.012608293870587,1,1,2,-3.20342650381492E-16,0,1,1,1,0,-3.20342650381492E-16,0,0,1,1,1,1,-3.20342650381492E-16,1,0,0,0,0,0,1,0,0,10.0475272349017,1,0,984,0,0.019056184614566,984,1,0.098084908106595,0,0,0,1,0.009528092307283,0,101.952803536091,0.009620649198279,0.056990332571225,0,1,1,12846.7450990053,623.25,50768.6984595335,0.056990332571225,26.6683391291577,0.056990332571225,50768.6984595335,0.006093566679703,50768.6984595335,5.61714990358104,1,0.048471845741798,0,0,1,1,1,1,10461198400,9.55913425750533E-11,9.77708251857646E-06,10461198400,10461198400,1,9.55913425750533E-11,1,-3.20342650381492E-16,9.55913425750533E-11,1000000,0,0,0,0
0, /home/rajarshi/Desktop/jsrt_scr/img_nrrd/img_jsrt_0_62.nrrd, /home/rajarshi/Desktop/jsrt_scr/msk_nrrd/msk_jsrt_0_62.nrrd, 2.1.2, 1.15.4, 1.1.0, 1.0.0, 2.7.12," {'distances': [1], 'additionalInfo': True, 'force2D': False, 'interpolator': 'sitkBSpline', 'resampledPixelSpacing': None, 'label': 1, 'normalizeScale': 1, 'normalize': False, 'force2Ddimension': 0, 'removeOutliers': None, 'minimumROISize': None, 'minimumROIDimensions': 2, 'preCrop': False, 'resegmentRange': None, 'padDistance': 5}", {'Original': {}}, c5b0f1440ca2552997051f3365deb1f27e6cfcfb," (1.0, 1.0, 1.0)"," (512, 512, 1)",0.009296417236328,0,1, 88ae4ad5019f3c8d96fdc396d42bfbb7c34b8915," (1.0, 1.0, 1.0)"," (512, 512, 1)"," (72, 144, 0, 440, 325, 1)",117328,1," (309.8606641210964, 313.4758966316651, 0.0)"," (309.8606641210964, 313.4758966316651, 0.0)",117328,512.000976562,116890.583333,483.483783995702,0.0491115212263,0,0.653736970444448,2.01391388382,512.000976562,0,235407.568663,316.071224208368,440,308,0,1,0.129665648247049,113743.958526524,117328,0.012587940662262,0.012587940662262,0.969452803478487,80.3248159007228,80.3248159007228,0.135575194023423,80.3248159007228,0.012587940662262,1,1,2,-3.20342650381492E-16,0,1,1,1,0,-3.20342650381492E-16,0,0,1,1,1,1,-3.20342650381492E-16,1,0,0,0,0,0,1,0,0,10.2153964972615,1,0,1093,0,0.018457961774892,1093,1,0.096518207364855,0,0,0,1,0.009228980887446,0,105.354325596263,0.009315764352925,0.058358124018733,0,1,1,14119.8099341058,662.25,60890.0911942739,0.058358124018733,28.7373780958099,0.058358124018733,60890.0911942739,0.005644432701486,60890.0911942739,5.61674568308079,1,0.047286652615326,0,0,1,1,1,1,13765859584,7.26434839682874E-11,8.52311468703123E-06,13765859584,13765859584,1,7.26434839682874E-11,1,-3.20342650381492E-16,7.26434839682874E-11,1000000,0,0,0,0
0, /home/rajarshi/Desktop/jsrt_scr/img_nrrd/img_jsrt_0_64.nrrd, /home/rajarshi/Desktop/jsrt_scr/msk_nrrd/msk_jsrt_0_64.nrrd, 2.1.2, 1.15.4, 1.1.0, 1.0.0, 2.7.12," {'distances': [1], 'additionalInfo': True, 'force2D': False, 'interpolator': 'sitkBSpline', 'resampledPixelSpacing': None, 'label': 1, 'normalizeScale': 1, 'normalize': False, 'force2Ddimension': 0, 'removeOutliers': None, 'minimumROISize': None, 'minimumROIDimensions': 2, 'preCrop': False, 'resegmentRange': None, 'padDistance': 5}", {'Original': {}}, 68560ed09124e6f9e16ac9502cbc4dcadc1ad905," (1.0, 1.0, 1.0)"," (512, 512, 1)",0.007041931152344,0,1, 2fad58e3c643201a5cbfaa6ec78beff9619332f2," (1.0, 1.0, 1.0)"," (512, 512, 1)"," (83, 112, 0, 429, 339, 1)",112680,1," (312.2226127085552, 289.8625488107916, 0.0)"," (312.2226127085552, 289.8625488107916, 0.0)",112680,505.395884431,112242.333333,475.904898996274,0.0497656295886,0,0.650319363326807,2.01450829331,505.395884431,0,226113.111361,309.490170919365,429,304,0,1,0.135773044177341,109077.642598509,112680,0.012600727537265,0.012600727537265,0.968030197004873,80.2953674121406,80.2953674121406,0.142025126302866,80.2953674121406,0.012600727537265,1,1,2,-3.20342650381492E-16,0,1,1,1,0,-3.20342650381492E-16,0,0,1,1,1,1,-3.20342650381492E-16,1,0,0,0,0,0,1,0,0,9.40596052744467,1,0,1232,0,0.021628146671239,1232,1,0.104563938924438,0,0,0,1,0.010814073335619,0,89.4720934438472,0.010933617323394,0.06373308429171,0,1,1,14836.5162259688,664.25,55591.9247492771,0.06373308429171,31.5984649409071,0.06373308429171,55591.9247492771,0.005895012424565,55591.9247492771,5.62904723066297,1,0.052923280221262,0,0,1,1,1,1,12696782400,7.87601116957002E-11,8.8746893858715E-06,12696782400,12696782400,1,7.87601116957002E-11,1,-3.20342650381492E-16,7.87601116957002E-11,1000000,0,0,0,0
0, /home/rajarshi/Desktop/jsrt_scr/img_nrrd/img_jsrt_0_66.nrrd, /home/rajarshi/Desktop/jsrt_scr/msk_nrrd/msk_jsrt_0_66.nrrd, 2.1.2, 1.15.4, 1.1.0, 1.0.0, 2.7.12," {'distances': [1], 'additionalInfo': True, 'force2D': False, 'interpolator': 'sitkBSpline', 'resampledPixelSpacing': None, 'label': 1, 'normalizeScale': 1, 'normalize': False, 'force2Ddimension': 0, 'removeOutliers': None, 'minimumROISize': None, 'minimumROIDimensions': 2, 'preCrop': False, 'resegmentRange': None, 'padDistance': 5}", {'Original': {}}, d4285e5293af9ed0cf7eb640ee2b69187c4cf5e5," (1.0, 1.0, 1.0)"," (512, 512, 1)",0.009010314941406,0,1, 9b1c355c2444cb6e5a3510a7b4a1b1cc5d05700d," (1.0, 1.0, 1.0)"," (512, 512, 1)"," (88, 168, 0, 424, 283, 1)",97032,1," (317.42060351224336, 313.16876906587515, 0.0)"," (317.42060351224336, 313.16876906587515, 0.0)",97032,475.832953882,96633.1666667,457.516849898544,0.0522914139653,0,0.603885849953027,2.01532458054,475.832953882,0,194747.196078,276.287951768814,424,272,0,1,0.13939178940904,93772.6808475554,97032,0.012612385393776,0.012612385393776,0.966409852909921,80.2549468216671,80.2549468216671,0.14920002481296,80.2549468216671,0.012612385393776,1,1,2,-3.20342650381492E-16,0,1,1,1,0,-3.20342650381492E-16,0,0,1,1,1,1,-3.20342650381492E-16,1,0,0,0,0,0,1,0,0,9.37817680436995,1,0,1067,0,0.021750904252681,1067,1,0.104863589156473,0,0,0,1,0.01087545212634,0,88.9502001740227,0.010996372330778,0.053983964689266,0,1,1,11380.3902265277,604.25,52208.103487841,0.053983964689266,25.7799605939151,0.053983964689266,52208.103487841,0.006227327067359,52208.103487841,5.56202546930411,1,0.046660501475146,0,0,1,1,1,1,9415209024,1.06211131101915E-10,1.0305878473081E-05,9415209024,9415209024,1,1.06211131101915E-10,1,-3.20342650381492E-16,1.06211131101915E-10,1000000,0,0,0,0
0, /home/rajarshi/Desktop/jsrt_scr/img_nrrd/img_jsrt_0_68.nrrd, /home/rajarshi/Desktop/jsrt_scr/msk_nrrd/msk_jsrt_0_68.nrrd, 2.1.2, 1.15.4, 1.1.0, 1.0.0, 2.7.12," {'distances': [1], 'additionalInfo': True, 'force2D': False, 'interpolator': 'sitkBSpline', 'resampledPixelSpacing': None, 'label': 1, 'normalizeScale': 1, 'normalize': False, 'force2Ddimension': 0, 'removeOutliers': None, 'minimumROISize': None, 'minimumROIDimensions': 2, 'preCrop': False, 'resegmentRange': None, 'padDistance': 5}", {'Original': {}}, d4410a22ca198f31e7f7aa974c1a7d75e115d0a5," (1.0, 1.0, 1.0)"," (512, 512, 1)",0.007503509521484,0,1, 239612c8d23970da2404292bfebab1d2450ac3a1," (1.0, 1.0, 1.0)"," (512, 512, 1)"," (104, 88, 0, 408, 355, 1)",117680,1," (331.52865397688646, 280.2699864038069, 0.0)"," (331.52865397688646, 280.2699864038069, 0.0)",117680,502.426113971,117264.416667,459.423539305571,0.0490777719349,0,0.739392238839352,2.01315495278,502.426113971,0,236071.441197,339.694199302645,408,344,0,1,0.123775210669573,114267.427617267,117680,0.01257614162638,0.01257614162638,0.97100125439554,80.3592454112848,80.3592454112848,0.128924235884245,80.3592454112848,0.01257614162638,1,1,2,-3.20342650381492E-16,0,1,1,1,0,-3.20342650381492E-16,0,0,1,1,1,1,-3.20342650381492E-16,1,0,0,0,0,0,1,0,0,9.52392018391422,1,0,1256,0,0.021118196762147,1256,1,0.103310268399439,0,0,0,1,0.010559098381073,0,91.7050556695687,0.010673011556764,0.05113474943217,0,1,1,13666.2269979365,630.5,61522.0862093735,0.05113474943217,21.384641783491,0.05113474943217,61522.0862093735,0.005357749830048,61522.0862093735,5.89721406199783,1,0.039118524926459,0,0,1,1,1,1,13848582400,7.22095569868581E-11,8.49762066621346E-06,13848582400,13848582400,1,7.22095569868581E-11,1,-3.20342650381492E-16,7.22095569868581E-11,1000000,0,0,0,0
0, /home/rajarshi/Desktop/jsrt_scr/img_nrrd/img_jsrt_0_6.nrrd, /home/rajarshi/Desktop/jsrt_scr/msk_nrrd/msk_jsrt_0_6.nrrd, 2.1.2, 1.15.4, 1.1.0, 1.0.0, 2.7.12," {'distances': [1], 'additionalInfo': True, 'force2D': False, 'interpolator': 'sitkBSpline', 'resampledPixelSpacing': None, 'label': 1, 'normalizeScale': 1, 'normalize': False, 'force2Ddimension': 0, 'removeOutliers': None, 'minimumROISize': None, 'minimumROIDimensions': 2, 'preCrop': False, 'resegmentRange': None, 'padDistance': 5}", {'Original': {}}, 14db047a4f77a178c56dd28469a540aff24fd733," (1.0, 1.0, 1.0)"," (512, 512, 1)",0.015537261962891,0,1, 38c56dc677fd16aff37609c072233c96c6ed6919," (1.0, 1.0, 1.0)"," (512, 512, 1)"," (109, 147, 0, 403, 365, 1)",110696,2," (337.5457107754571, 354.7594493025945, 0.0)"," (337.5457107754571, 354.7594493025945, 0.0)",110696,500,110274.083333,450.549595184434,0.0500675493287,0,0.726495721485453,2.01420330695,500,0,222114.42332,327.322353218494,403,343,0,1,0.132325511092637,107235.180295584,110696,0.012596250710853,0.012596250710853,0.968735819682593,80.3085929030859,80.3085929030859,0.13965107587165,80.3085929030859,0.012596250710853,1,1,2,-3.20342650381492E-16,0,1,1,1,0,-3.20342650381492E-16,0,0,1,1,1,1,-3.20342650381492E-16,1,0,0,0,0,0,1,0,0,6.16140476792874,1,0,2704,0,0.047661138402462,2704,1,0.156292227075669,0,0,0,1,0.023830569201231,0,38.962908714255,0.024427260244273,0.055908884549712,0,1,1,13500.9220300458,640.5,55475.35430681,0.055908884549712,24.818554924683,0.055908884549712,55475.35430681,0.005786116932861,55475.35430681,5.74811787622734,1,0.04335597752678,0,3061630224,1,0.5,1,2,6125031328,0.001953125040816,1.8067500180675E-05,6125031328,6125031328,1,0.001953125040816,1,0.999999999999999,0.001953125040816,1000000,0,0,0,0
0, /home/rajarshi/Desktop/jsrt_scr/img_nrrd/img_jsrt_0_70.nrrd, /home/rajarshi/Desktop/jsrt_scr/msk_nrrd/msk_jsrt_0_70.nrrd, 2.1.2, 1.15.4, 1.1.0, 1.0.0, 2.7.12," {'distances': [1], 'additionalInfo': True, 'force2D': False, 'interpolator': 'sitkBSpline', 'resampledPixelSpacing': None, 'label': 1, 'normalizeScale': 1, 'normalize': False, 'force2Ddimension': 0, 'removeOutliers': None, 'minimumROISize': None, 'minimumROIDimensions': 2, 'preCrop': False, 'resegmentRange': None, 'padDistance': 5}", {'Original': {}}, 1beadc887c444116efb0d57493e79cd67c6c3ad5," (1.0, 1.0, 1.0)"," (512, 512, 1)",0.004604339599609,0,1, 50280ced00298a3816131658bf16e20cca6fbd8b," (1.0, 1.0, 1.0)"," (512, 512, 1)"," (80, 152, 0, 432, 267, 1)",81960,1," (320.565495363592, 293.2941922889214, 0.0)"," (320.565495363592, 293.2941922889214, 0.0)",81960,490.698481758,81573.4166667,482.918248078859,0.0552669579768,0,0.473298305300475,2.01760283527,490.698481758,0,164582.756749,228.564388414399,432,232,0,1,0.157748611193462,78793.7923621279,81960,0.012654722354639,0.012654722354639,0.96136886727828,80.143728648121,80.143728648121,0.171778146013208,80.143728648121,0.012654722354639,1,1,2,-3.20342650381492E-16,0,1,1,1,0,-3.20342650381492E-16,0,0,1,1,1,1,-3.20342650381492E-16,1,0,0,0,0,0,1,0,0,12.0284036113988,1,0,555,0,0.013451482778801,555,1,0.082289707135457,0,0,0,1,0.0067257413894,0,145.682493438712,0.006771595900439,0.052929416900207,0,1,1,9557.42735652533,587,40925.5527986964,0.052929416900207,23.8200504182968,0.052929416900207,40925.5527986964,0.007162030258663,40925.5527986964,5.54305711562602,1,0.043022207080108,0,0,1,1,1,1,6717441600,1.48866199298257E-10,1.22010736944851E-05,6717441600,6717441600,1,1.48866199298257E-10,1,-3.20342650381492E-16,1.48866199298257E-10,1000000,0,0,0,0
0, /home/rajarshi/Desktop/jsrt_scr/img_nrrd/img_jsrt_0_72.nrrd, /home/rajarshi/Desktop/jsrt_scr/msk_nrrd/msk_jsrt_0_72.nrrd, 2.1.2, 1.15.4, 1.1.0, 1.0.0, 2.7.12," {'distances': [1], 'additionalInfo': True, 'force2D': False, 'interpolator': 'sitkBSpline', 'resampledPixelSpacing': None, 'label': 1, 'normalizeScale': 1, 'normalize': False, 'force2Ddimension': 0, 'removeOutliers': None, 'minimumROISize': None, 'minimumROIDimensions': 2, 'preCrop': False, 'resegmentRange': None, 'padDistance': 5}", {'Original': {}}, 27cc491901491908c01bb31e24299a0db350145c," (1.0, 1.0, 1.0)"," (512, 512, 1)",0.006767272949219,0,1, a3775023aa4c1e461fcf8972f73bf880c02514a3," (1.0, 1.0, 1.0)"," (512, 512, 1)"," (117, 176, 0, 395, 293, 1)",92664,1," (331.00742467409134, 328.9976258309592, 0.0)"," (331.00742467409134, 328.9976258309592, 0.0)",92664,468.206151177,92281.8333333,440.747388948524,0.053100589276,0,0.622834602381403,2.01532942496,468.206151177,0,185978.294106,274.512724746396,395,280,0,1,0.138844034326164,89554.6273849607,92664,0.012614263594202,0.012614263594202,0.966444653640688,80.2532806699473,80.2532806699473,0.150162521469969,80.2532806699473,0.012614263594202,1,1,2,-3.20342650381492E-16,0,1,1,1,0,-3.20342650381492E-16,0,0,1,1,1,1,-3.20342650381492E-16,1,0,0,0,0,0,1,0,0,10.5886411988093,1,0,805,0,0.017223662333054,805,1,0.093205688420649,0,0,0,1,0.008611831166527,0,113.119322437122,0.008687300353967,0.054227508996636,0,1,1,10290.4809782769,578.75,48452.6627454904,0.054227508996636,25.365029583434,0.054227508996636,48452.6627454904,0.006245683329017,48452.6627454904,5.55621440003338,1,0.048037976546207,0,0,1,1,1,1,8586616896,1.16460302364933E-10,1.07916774583441E-05,8586616896,8586616896,1,1.16460302364933E-10,1,-3.20342650381492E-16,1.16460302364933E-10,1000000,0,0,0,0
0, /home/rajarshi/Desktop/jsrt_scr/img_nrrd/img_jsrt_0_74.nrrd, /home/rajarshi/Desktop/jsrt_scr/msk_nrrd/msk_jsrt_0_74.nrrd, 2.1.2, 1.15.4, 1.1.0, 1.0.0, 2.7.12," {'distances': [1], 'additionalInfo': True, 'force2D': False, 'interpolator': 'sitkBSpline', 'resampledPixelSpacing': None, 'label': 1, 'normalizeScale': 1, 'normalize': False, 'force2Ddimension': 0, 'removeOutliers': None, 'minimumROISize': None, 'minimumROIDimensions': 2, 'preCrop': False, 'resegmentRange': None, 'padDistance': 5}", {'Original': {}}, 735f8068004e1a7fb03f05b8ba02e395ce0d3970," (1.0, 1.0, 1.0)"," (512, 512, 1)",0.00079345703125,0,1, 2d6d64dc4903de8e99ebd8fd2a5b0cd2b49d11ff," (1.0, 1.0, 1.0)"," (512, 512, 1)"," (80, 115, 0, 432, 357, 1)",119632,1," (313.473953457269, 307.34642904908384, 0.0)"," (313.473953457269, 307.34642904908384, 0.0)",119632,537.26715887,119168.083333,496.587134100757,0.048782912427,0,0.638226552679426,2.01448056336,537.26715887,0,240061.787648,316.935094702082,432,316,0,1,0.134880737879771,115820.723468637,119632,0.012599645346374,0.012599645346374,0.968141663339551,80.2967266283269,80.2967266283269,0.141609658310809,80.2967266283269,0.012599645346374,1,1,2,-3.20342650381492E-16,0,1,1,1,0,-3.20342650381492E-16,0,0,1,1,1,1,-3.20342650381492E-16,1,0,0,0,0,0,1,0,0,141.193720529006,1,0,6,0,0.000100302579196,6,1,0.007081935117043,0,0,0,1,5.01512895978499E-05,0,19936.666716823,5.01538050020062E-05,0.066251977731097,0,1,1,15224.3980891846,703.75,57717.5364372815,0.066251977731097,42.4211644774594,0.066251977731097,57717.5364372815,0.00588262337836,57717.5364372815,5.47961862631591,1,0.066557560881149,0,0,1,1,1,1,14311815424,6.9872337671646E-11,8.35896750033436E-06,14311815424,14311815424,1,6.9872337671646E-11,1,-3.20342650381492E-16,6.9872337671646E-11,1000000,0,0,0,0
0, /home/rajarshi/Desktop/jsrt_scr/img_nrrd/img_jsrt_0_76.nrrd, /home/rajarshi/Desktop/jsrt_scr/msk_nrrd/msk_jsrt_0_76.nrrd, 2.1.2, 1.15.4, 1.1.0, 1.0.0, 2.7.12," {'distances': [1], 'additionalInfo': True, 'force2D': False, 'interpolator': 'sitkBSpline', 'resampledPixelSpacing': None, 'label': 1, 'normalizeScale': 1, 'normalize': False, 'force2Ddimension': 0, 'removeOutliers': None, 'minimumROISize': None, 'minimumROIDimensions': 2, 'preCrop': False, 'resegmentRange': None, 'padDistance': 5}", {'Original': {}}, 07d35d612a033503662007692930a7a2afab82cc," (1.0, 1.0, 1.0)"," (512, 512, 1)",3.814697265625E-06,0,1, 5af33640f3be56fddc59231f587cb92135062b4c," (1.0, 1.0, 1.0)"," (512, 512, 1)"," (109, 136, 0, 403, 349, 1)",106592,1," (326.465363254278, 322.98255028519964, 0.0)"," (326.465363254278, 322.98255028519964, 0.0)",106592,494.142691942,106172.833333,455.771860585508,0.0506919360748,0,0.667767179873991,2.01468634812,494.142691942,0,213904.957857,304.349490009107,403,304,0,1,0.137376040400798,103140.05711498,106592,0.012604988977923,0.012604988977923,0.967615366209289,80.2862316121285,80.2862316121285,0.144162406690725,80.2862316121285,0.012604988977923,1,1,2,-3.20342650381492E-16,0,1,1,1,0,-3.20342650381492E-16,0,0,1,1,1,1,-3.20342650381492E-16,1,0,0,0,0,0,1,0,0,326.479708419041,1,0,1,0,1.87629581663334E-05,1,1,0.003062934393187,0,0,0,1,9.38147908316668E-06,0,106590.000009382,9.38156709696788E-06,0.061404811178074,0,1,1,13486.3303714464,636.75,52313.0083443101,0.061404811178074,28.7092826184386,0.061404811178074,52313.0083443101,0.005973712848994,52313.0083443101,5.54288983637716,1,0.049745851620349,0,0,1,1,1,1,11361854464,8.80138011949103E-11,9.38156709696788E-06,11361854464,11361854464,1,8.80138011949103E-11,1,-3.20342650381492E-16,8.80138011949103E-11,1000000,0,0,0,0
0, /home/rajarshi/Desktop/jsrt_scr/img_nrrd/img_jsrt_0_78.nrrd, /home/rajarshi/Desktop/jsrt_scr/msk_nrrd/msk_jsrt_0_78.nrrd, 2.1.2, 1.15.4, 1.1.0, 1.0.0, 2.7.12," {'distances': [1], 'additionalInfo': True, 'force2D': False, 'interpolator': 'sitkBSpline', 'resampledPixelSpacing': None, 'label': 1, 'normalizeScale': 1, 'normalize': False, 'force2Ddimension': 0, 'removeOutliers': None, 'minimumROISize': None, 'minimumROIDimensions': 2, 'preCrop': False, 'resegmentRange': None, 'padDistance': 5}", {'Original': {}}, d098ba37f83dac9236ee19d688e8f929b0bf1613," (1.0, 1.0, 1.0)"," (512, 512, 1)",0.005287170410156,0,1, e2ee2988845508a12ce9fe10ea8dd787d6a4b298," (1.0, 1.0, 1.0)"," (512, 512, 1)"," (117, 80, 0, 395, 389, 1)",114464,1," (328.15728962818, 284.4474070450098, 0.0)"," (328.15728962818, 284.4474070450098, 0.0)",114464,520.247056695,114036.333333,474.339380818656,0.0495167355735,0,0.659211968535861,2.01396091121,520.247056695,0,229664.717791,312.690196983548,392,344,0,1,0.132781479535807,110926.373567235,114464,0.012593758388589,0.012593758388589,0.969093982101229,80.3210266983506,80.3210266983506,0.137626005180939,80.3210266983506,0.012593758388589,1,1,2,-3.20342650381492E-16,0,1,1,1,0,-3.20342650381492E-16,0,0,1,1,1,1,-3.20342650381492E-16,1,0,0,0,0,0,1,0,0,11.7167269264365,1,0,816,0,0.014156116067545,816,1,0.084432688864206,0,0,0,1,0.007078058033773,0,138.281689868683,0.00712887894884,0.062102430606912,0,1,1,13750.3253439558,650.75,55452.9930333771,0.062102430606912,24.8730898613143,0.062102430606912,55452.9930333771,0.005685193597987,55452.9930333771,5.79384135148763,1,0.040924087699868,0,0,1,1,1,1,13102007296,7.63241828071105E-11,8.7363712608331E-06,13102007296,13102007296,1,7.63241828071105E-11,1,-3.20342650381492E-16,7.63241828071105E-11,1000000,0,0,0,0
0, /home/rajarshi/Desktop/jsrt_scr/img_nrrd/img_jsrt_0_80.nrrd, /home/rajarshi/Desktop/jsrt_scr/msk_nrrd/msk_jsrt_0_80.nrrd, 2.1.2, 1.15.4, 1.1.0, 1.0.0, 2.7.12," {'distances': [1], 'additionalInfo': True, 'force2D': False, 'interpolator': 'sitkBSpline', 'resampledPixelSpacing': None, 'label': 1, 'normalizeScale': 1, 'normalize': False, 'force2Ddimension': 0, 'removeOutliers': None, 'minimumROISize': None, 'minimumROIDimensions': 2, 'preCrop': False, 'resegmentRange': None, 'padDistance': 5}", {'Original': {}}, 9279088580a89db6de68d29c6ff27c6c7d1c3e63," (1.0, 1.0, 1.0)"," (512, 512, 1)",0.0062255859375,0,1, 689c71bfec8abd16279ab71aa560bde9e94b50f9," (1.0, 1.0, 1.0)"," (512, 512, 1)"," (43, 128, 0, 469, 344, 1)",128192,1," (294.73605217174236, 306.4465489266101, 0.0)"," (294.73605217174236, 306.4465489266101, 0.0)",128192,549.968180898,127728.083333,524.389941316488,0.047690825945,0,0.607609083025035,2.01351011411,549.968180898,0,257181.787648,318.624091390863,469,312,0,1,0.127388582123152,124377.202867574,128192,0.012582686785627,0.012582686785627,0.970241535100269,80.3436875936096,80.3436875936096,0.132291709782664,80.3436875936096,0.012582686785627,1,1,2,-3.20342650381492E-16,0,1,1,1,0,-3.20342650381492E-16,0,0,1,1,1,1,-3.20342650381492E-16,1,0,0,0,0,0,1,0,0,12.0501301844524,1,0,865,0,0.01340431926043,865,1,0.082144330075512,0,0,0,1,0.006702159630215,0,146.205637462251,0.006747690963555,0.062552270827132,0,1,1,15892.0072355404,703.75,64406.4080920871,0.062552270827132,35.7415297094644,0.062552270827132,64406.4080920871,0.005489812156765,64406.4080920871,5.48825016948202,1,0.054630359932338,0,0,1,1,1,1,16433188864,6.08524619461222E-11,7.80079880179731E-06,16433188864,16433188864,1,6.08524619461222E-11,1,-3.20342650381492E-16,6.08524619461222E-11,1000000,0,0,0,0
0, /home/rajarshi/Desktop/jsrt_scr/img_nrrd/img_jsrt_0_82.nrrd, /home/rajarshi/Desktop/jsrt_scr/msk_nrrd/msk_jsrt_0_82.nrrd, 2.1.2, 1.15.4, 1.1.0, 1.0.0, 2.7.12," {'distances': [1], 'additionalInfo': True, 'force2D': False, 'interpolator': 'sitkBSpline', 'resampledPixelSpacing': None, 'label': 1, 'normalizeScale': 1, 'normalize': False, 'force2Ddimension': 0, 'removeOutliers': None, 'minimumROISize': None, 'minimumROIDimensions': 2, 'preCrop': False, 'resegmentRange': None, 'padDistance': 5}", {'Original': {}}, 53e7ba5692333ade78b457a84c1b068e6ab69d8a," (1.0, 1.0, 1.0)"," (512, 512, 1)",5.340576171875E-05,0,1, d207fde7e124ec5874bbee57a57b43f6e3b8648a," (1.0, 1.0, 1.0)"," (512, 512, 1)"," (144, 120, 0, 368, 349, 1)",98904,1," (346.1274771495592, 310.93290463479735, 0.0)"," (346.1274771495592, 310.93290463479735, 0.0)",98904,465.429908794,98491.8333333,422.442294272534,0.0519548467402,0,0.726213158087651,2.0155395101,465.429908794,0,198514.181505,306.78315263345,368,319,0,1,0.142262542752905,95530.4299118337,98904,0.012618424765233,0.012618424765233,0.965890458543979,80.2446008250425,80.2446008250425,0.152018418232018,80.2446008250425,0.012618424765233,1,1,2,-3.20342650381492E-16,0,1,1,1,0,-3.20342650381492E-16,0,0,1,1,1,1,-3.20342650381492E-16,1,0,0,0,0,0,1,0,0,99.4354066774927,1,0,10,0,0.00020219584483,10,1,0.010055254610013,0,0,0,1,0.000101097922415,0,9888.40010111836,0.000101108145272,0.065421341738014,0,1,1,12700.596785891,625,47670.757360071,0.065421341738014,33.2724349084259,0.065421341738014,47670.757360071,0.006319259079511,47670.757360071,5.48393294483818,1,0.057250016594993,0,0,1,1,1,1,9782001216,1.02228570403809E-10,1.01108145272183E-05,9782001216,9782001216,1,1.02228570403809E-10,1,-3.20342650381492E-16,1.02228570403809E-10,1000000,0,0,0,0
0, /home/rajarshi/Desktop/jsrt_scr/img_nrrd/img_jsrt_0_84.nrrd, /home/rajarshi/Desktop/jsrt_scr/msk_nrrd/msk_jsrt_0_84.nrrd, 2.1.2, 1.15.4, 1.1.0, 1.0.0, 2.7.12," {'distances': [1], 'additionalInfo': True, 'force2D': False, 'interpolator': 'sitkBSpline', 'resampledPixelSpacing': None, 'label': 1, 'normalizeScale': 1, 'normalize': False, 'force2Ddimension': 0, 'removeOutliers': None, 'minimumROISize': None, 'minimumROIDimensions': 2, 'preCrop': False, 'resegmentRange': None, 'padDistance': 5}", {'Original': {}}, c4e6ef8243ed36b1ac8f64ba9992ce20c0873115," (1.0, 1.0, 1.0)"," (512, 512, 1)",0.007511138916016,0,1, 4c56e00cf363e6f3476255f424e98911fe1430fa," (1.0, 1.0, 1.0)"," (512, 512, 1)"," (96, 213, 0, 416, 299, 1)",97608,1," (323.7202688304237, 375.72842389968037, 0.0)"," (323.7202688304237, 375.72842389968037, 0.0)",97608,489.411891968,97212.4166667,458.810838660828,0.0521930228289,0,0.606582901162784,2.01510537266,489.411891968,0,195893.263114,278.306809599815,416,280,0,1,0.13802639071482,94371.542721908,97608,0.012609916560837,0.012609916560837,0.966842294913409,80.2648553397263,80.2648553397263,0.14761037798419,80.2648553397263,0.012609916560837,1,1,2,-3.20342650381492E-16,0,1,1,1,0,-3.20342650381492E-16,0,0,1,1,1,1,-3.20342650381492E-16,1,0,0,0,0,0,1,0,0,9.24253663333688,1,0,1104,0,0.02236523962502,1104,1,0.106351061657662,0,0,0,1,0.01118261981251,0,86.4244834185742,0.011310548315712,0.052756381412136,0,1,1,11293.5407454985,600,50920.8311661593,0.052756381412136,25.5433167953333,0.052756381412136,50920.8311661593,0.006147037128104,50920.8311661593,5.57528175317706,1,0.047673206135454,0,0,1,1,1,1,9527321664,1.04961292928589E-10,1.02450618801738E-05,9527321664,9527321664,1,1.04961292928589E-10,1,-3.20342650381492E-16,1.04961292928589E-10,1000000,0,0,0,0
0, /home/rajarshi/Desktop/jsrt_scr/img_nrrd/img_jsrt_0_86.nrrd, /home/rajarshi/Desktop/jsrt_scr/msk_nrrd/msk_jsrt_0_86.nrrd, 2.1.2, 1.15.4, 1.1.0, 1.0.0, 2.7.12," {'distances': [1], 'additionalInfo': True, 'force2D': False, 'interpolator': 'sitkBSpline', 'resampledPixelSpacing': None, 'label': 1, 'normalizeScale': 1, 'normalize': False, 'force2Ddimension': 0, 'removeOutliers': None, 'minimumROISize': None, 'minimumROIDimensions': 2, 'preCrop': False, 'resegmentRange': None, 'padDistance': 5}", {'Original': {}}, 6a521e1d2a632c26e53b83d2cc4b0edecfc1e68c," (1.0, 1.0, 1.0)"," (512, 512, 1)",0,0,0, 5b4d990bbe3327b028b3a0d39dec2762aba2cbcd," (1.0, 1.0, 1.0)"," (512, 512, 1)"," (117, 179, 0, 395, 309, 1)",92976,1," (331.83372053002927, 347.22539149888144, 0.0)"," (331.83372053002927, 347.22539149888144, 0.0)",92976,463.741307196,92585.8333333,439.694827630062,0.0530330532231,0,0.632281443932033,2.01568492033,463.741307196,0,186623.868086,278.010880503382,395,272,0,1,0.144907563066813,89767.7065049045,92976,0.012621725201781,0.012621725201781,0.965493315532014,80.2387497848907,80.2387497848907,0.153421898367823,80.2387497848907,0.012621725201781,1,1,2,-3.20342650381492E-16,0,1,1,1,0,-3.20342650381492E-16,0,0,1,1,1,1,-3.20342650381492E-16,1,0,0,0,0,0,1,0,0,0,1,0,0,0,0,0,0,0,0,0,0,0,0,0,0,0,0.058445122859454,0,1,1,11521.2731224762,592.25,47235.7360501248,0.058445122859454,28.3671486988487,0.058445122859454,47235.7360501248,0.006369923421098,47235.7360501248,5.48808671945198,1,0.05425490099013,0,0,1,1,1,1,8644536576,1.15680001028201E-10,1.0755463775598E-05,8644536576,8644536576,1,1.15680001028201E-10,1,-3.20342650381492E-16,1.15680001028201E-10,1000000,0,0,0,0
0, /home/rajarshi/Desktop/jsrt_scr/img_nrrd/img_jsrt_0_88.nrrd, /home/rajarshi/Desktop/jsrt_scr/msk_nrrd/msk_jsrt_0_88.nrrd, 2.1.2, 1.15.4, 1.1.0, 1.0.0, 2.7.12," {'distances': [1], 'additionalInfo': True, 'force2D': False, 'interpolator': 'sitkBSpline', 'resampledPixelSpacing': None, 'label': 1, 'normalizeScale': 1, 'normalize': False, 'force2Ddimension': 0, 'removeOutliers': None, 'minimumROISize': None, 'minimumROIDimensions': 2, 'preCrop': False, 'resegmentRange': None, 'padDistance': 5}", {'Original': {}}, 6cd2f07d47660de68a8dbafe68f812767cfb9a58," (1.0, 1.0, 1.0)"," (512, 512, 1)",0.006542205810547,0,1, 8a43363be2940fbb720c8333cf5f1ec924166990," (1.0, 1.0, 1.0)"," (512, 512, 1)"," (32, 117, 0, 480, 374, 1)",135448,1," (293.54400212627723, 316.66629259937395, 0.0)"," (293.54400212627723, 316.66629259937395, 0.0)",135448,571.373783088,134971.666667,539.974769606138,0.046830315323,0,0.609862689480764,2.0131501706,571.373783088,0,271718.233776,329.310465243755,480,320,0,1,0.125177081242027,131513.209202055,135448,0.012576205480196,0.012576205480196,0.970949805106427,80.361260409899,80.361260409899,0.128615155948434,80.361260409899,0.012576205480196,1,1,2,-3.20342650381492E-16,0,1,1,1,0,-3.20342650381492E-16,0,0,1,1,1,1,-3.20342650381492E-16,1,0,0,0,0,0,1,0,0,11.5207144618519,1,0,998,0,0.014627703546797,998,1,0.085837877882146,0,0,0,1,0.007313851773398,0,133.726861711523,0.00736814127931,0.057287305790759,0,1,1,16672.6200700646,723.5,67353.6074899668,0.057287305790759,33.7738277350883,0.057287305790759,67353.6074899668,0.005341533282145,67353.6074899668,5.69537459988568,1,0.051770706747577,0,0,1,1,1,1,18346160704,5.45073171512103E-11,7.38290709349714E-06,18346160704,18346160704,1,5.45073171512103E-11,1,-3.20342650381492E-16,5.45073171512103E-11,1000000,0,0,0,0
0, /home/rajarshi/Desktop/jsrt_scr/img_nrrd/img_jsrt_0_8.nrrd, /home/rajarshi/Desktop/jsrt_scr/msk_nrrd/msk_jsrt_0_8.nrrd, 2.1.2, 1.15.4, 1.1.0, 1.0.0, 2.7.12," {'distances': [1], 'additionalInfo': True, 'force2D': False, 'interpolator': 'sitkBSpline', 'resampledPixelSpacing': None, 'label': 1, 'normalizeScale': 1, 'normalize': False, 'force2Ddimension': 0, 'removeOutliers': None, 'minimumROISize': None, 'minimumROIDimensions': 2, 'preCrop': False, 'resegmentRange': None, 'padDistance': 5}", {'Original': {}}, 6a521e1d2a632c26e53b83d2cc4b0edecfc1e68c," (1.0, 1.0, 1.0)"," (512, 512, 1)",0,0,0, 8984f41ec3ddb7a3831f8ce9fb8609d0cba6faf2," (1.0, 1.0, 1.0)"," (512, 512, 1)"," (56, 181, 0, 456, 320, 1)",120832,1," (297.4046279131356, 341.70143670550846, 0.0)"," (297.4046279131356, 341.70143670550846, 0.0)",120832,508.551865595,120367.583333,496.396537726297,0.0486237320124,0,0.636700637836038,2.01433943458,508.551865595,0,242461.169753,316.055992189934,456,306,0,1,0.132154335780077,117036.715853416,120832,0.012594336168795,0.012594336168795,0.968590405301711,80.3043233580508,80.3043233580508,0.139355543049476,80.3043233580508,0.012594336168795,1,1,2,-3.20342650381492E-16,0,1,1,1,0,-3.20342650381492E-16,0,0,1,1,1,1,-3.20342650381492E-16,1,0,0,0,0,0,1,0,0,0,1,0,0,0,0,0,0,0,0,0,0,0,0,0,0,0,0.06349960962059,0,1,1,14991.6938883817,702.5,62322.9345003113,0.06349960962059,40.004951574714,0.06349960962059,62322.9345003113,0.005813857256356,62322.9345003113,5.42081491477589,1,0.061128643797725,0,0,1,1,1,1,14600372224,6.84914045106471E-11,8.27595338983051E-06,14600372224,14600372224,1,6.84914045106471E-11,1,-3.20342650381492E-16,6.84914045106471E-11,1000000,0,0,0,0
0, /home/rajarshi/Desktop/jsrt_scr/img_nrrd/img_jsrt_0_90.nrrd, /home/rajarshi/Desktop/jsrt_scr/msk_nrrd/msk_jsrt_0_90.nrrd, 2.1.2, 1.15.4, 1.1.0, 1.0.0, 2.7.12," {'distances': [1], 'additionalInfo': True, 'force2D': False, 'interpolator': 'sitkBSpline', 'resampledPixelSpacing': None, 'label': 1, 'normalizeScale': 1, 'normalize': False, 'force2Ddimension': 0, 'removeOutliers': None, 'minimumROISize': None, 'minimumROIDimensions': 2, 'preCrop': False, 'resegmentRange': None, 'padDistance': 5}", {'Original': {}}, 9e695abce3ee35a38c9a395b43c4a630776c1684," (1.0, 1.0, 1.0)"," (512, 512, 1)",0.009517669677734,0,1, c89b77821fe15fd9dc014ae8794ce999a084cbcb," (1.0, 1.0, 1.0)"," (512, 512, 1)"," (128, 128, 0, 384, 323, 1)",102000,1," (339.2443921568628, 298.2964705882353, 0.0)"," (339.2443921568628, 298.2964705882353, 0.0)",102000,460.400912249,101599.416667,422.004373015651,0.051441327321,0,0.750077841726724,2.01468995147,460.400912249,0,204691.323834,316.536129310819,384,312,0,1,0.136677909271521,98702.2687254902,102000,0.01260163944127,0.01260163944127,0.967669301230296,80.2874901960784,80.2874901960784,0.142867012687428,80.2874901960784,0.01260163944127,1,1,2,-3.20342650381492E-16,0,1,1,1,0,-3.20342650381492E-16,0,0,1,1,1,1,-3.20342650381492E-16,1,0,0,0,0,0,1,0,0,8.63253551289019,1,0,1316,0,0.025471000384468,1316,1,0.113586798459653,0,0,0,1,0.012735500192234,0,75.5206693813104,0.012901960784314,0.058638963051967,0,1,1,12717.5755964252,607.5,51913.2037231106,0.058638963051967,26.0515841918549,0.058638963051967,51913.2037231106,0.005955882352941,51913.2037231106,5.66644597556063,1,0.048650335714192,0,0,1,1,1,1,10404000000,9.61168781237985E-11,9.80392156862745E-06,10404000000,10404000000,1,9.61168781237985E-11,1,-3.20342650381492E-16,9.61168781237985E-11,1000000,0,0,0,0
